restriction_id,from_lat,from_lon,to_lat,to_lon,speed_limit_kmph,route,direction,description 
1,18.9528335,72.8382871,18.9571656,72.8386147,70,CSMT-PUNE,DN,csmt-kyn
2,18.9635702,72.8389997,18.9695334,72.8337834,60,CSMT-PUNE,DN,csmt-kyn
3,18.9708535,72.8332235,18.9787206,72.8328779,60,CSMT-PUNE,DN,csmt-kyn
4,19.00497,72.83501,19.01275,72.8399,80,CSMT-PUNE,DN,csmt-kyn
5,19.0296553,72.8517695,19.0361707,72.8561189,65,CSMT-PUNE,DN,csmt-kyn
6,19.0801853,72.8983858,19.0835601,72.9043999,65,CSMT-PUNE,DN,csmt-kyn
7,19.2025237,73.0055572,19.2052626,73.0170686,95,CSMT-PUNE,DN,csmt-kyn
8,19.2052626,73.0170686,19.1999952,73.0222114,85,CSMT-PUNE,DN,csmt-kyn
9,19.1999952,73.0222114,19.186468,73.037127,100,CSMT-PUNE,DN,csmt-kyn
10,19.2328096,73.1233412,19.23600336,73.13264031,65,CSMT-PUNE,DN,csmt-kyn
11,19.21137,73.18152,19.20586,73.19085,95,CSMT-PUNE,DN,kyn-kjt
12,19.16803,73.23459,19.16649,73.24102,90,CSMT-PUNE,DN,kyn-kjt
13,19.16649,73.24102,19.16116,73.24668,85,CSMT-PUNE,DN,kyn-kjt
14,18.89966,73.32024,18.88611,73.32026,80,CSMT-PUNE,DN,kjt-lnl
15,18.88611,73.32026,18.75134,73.40496,60,CSMT-PUNE,DN,kjt-lnl
16,18.76739,73.55339,18.76508875,73.56257934,90,CSMT-PUNE,DN,lnl-pune
17,18.73961,73.66455,18.73368,73.67413,85,CSMT-PUNE,DN,lnl-pune
18,18.70189,73.70414,18.7002,73.71074,90,CSMT-PUNE,DN,lnl-pune
19,18.64444,73.78596,18.63789,73.79288,90,CSMT-PUNE,DN,lnl-pune
20,18.56895468,73.83757335,18.56099833,73.84255651,75,CSMT-PUNE,DN,lnl-pune
21,18.53034481,73.85325077,18.52853007,73.85875471,85,CSMT-PUNE,DN,lnl-pune
22,18.52853007,73.85875471,18.52869089,73.86686047,30,CSMT-PUNE,DN,lnl-pune
23,18.52869089,73.86686047,18.5295334,73.875868,10,CSMT-PUNE,DN,lnl-pune
24,19.19047,73.04674,19.1888,73.05601,75,CSMT-PUNE,DN,dw-pnvl
25,19.186547,73.060481,19.18050621,73.06673688,100,CSMT-PUNE,DN,dw-pnvl
26,19.173476,73.072862,19.16447,73.07714,95,CSMT-PUNE,DN,dw-pnvl
27,19.147775,73.083169,19.13676838,73.08266356,80,CSMT-PUNE,DN,dw-pnvl
28,19.14297,73.082884,19.13618439,73.08262453,95,CSMT-PUNE,DN,dw-pnvl
29,19.06832,73.09272,19.06113,73.09781,95,CSMT-PUNE,DN,dw-pnvl
30,19.044216,73.112123,19.03112,73.1147,95,CSMT-PUNE,DN,dw-pnvl
31,18.99829,73.11582,18.99278,73.11964,75,CSMT-PUNE,DN,dw-pnvl
32,18.95266,73.1883,18.94395,73.19478,100,CSMT-PUNE,DN,pnvl-kjt
33,18.93262,73.19748,18.92074,73.20536,90,CSMT-PUNE,DN,pnvl-kjt
34,18.92565,73.31381,18.91928,73.32199,90,CSMT-PUNE,DN,pnvl-kjt
35,18.52944,73.85431,18.53523,73.85052,90,PUNE-CSMT,UP,pune-lnl
36,18.7389,73.66729,18.73971,73.66049,85,PUNE-CSMT,UP,pune-lnl
37,18.76763,73.55478,18.76577,73.54908,90,PUNE-CSMT,UP,pune-lnl
38,18.75481,73.37581,18.7514,73.36817,30,PUNE-CSMT,UP,lnl-kjt
39,18.77505,73.36341,18.7855,73.36699,25,PUNE-CSMT,UP,lnl-kjt
40,18.7855,73.36699,18.79097,73.36477,30,PUNE-CSMT,UP,lnl-kjt
41,18.82649,73.36392,18.83151,73.35966,30,PUNE-CSMT,UP,lnl-kjt
42,18.88737,73.32002,18.90939383,73.32071368,80,PUNE-CSMT,UP,lnl-kjt
43,19.16416,73.245,19.2058587,73.1908487,85,PUNE-CSMT,UP,kjt-kyn
44,19.16723,73.23636,19.1611624,73.2466777,90,PUNE-CSMT,UP,kjt-kyn
45,19.18532,73.03467,19.20378,73.01926,100,PUNE-CSMT,UP,kyn-csmt
46,19.20378,73.01926,19.20586,73.01551,85,PUNE-CSMT,UP,kyn-csmt
47,19.20586,73.01551,19.19979,73.00241,95,PUNE-CSMT,UP,kyn-csmt
48,19.18766,72.98077,19.18477,72.97162,80,PUNE-CSMT,UP,kyn-csmt
49,19.02695,72.85013,19.01995905,72.84497803,60,PUNE-CSMT,UP,kyn-csmt
50,19.00792,72.83688,18.99994,72.83338,80,PUNE-CSMT,UP,kyn-csmt
51,18.98018,72.83282,18.97454,72.83287,65,PUNE-CSMT,UP,kyn-csmt
52,18.97358,72.83287,18.96537,72.83762,65,PUNE-CSMT,UP,kyn-csmt
53,18.96537,72.83762,18.95897,72.83928,50,PUNE-CSMT,UP,kyn-csmt
54,18.95897,72.83928,18.95112,72.83843,60,PUNE-CSMT,UP,kyn-csmt
55,18.95112,72.83843,18.9445291,72.8357036,30,PUNE-CSMT,UP,kyn-csmt
56,18.95071,72.83845,18.946764,72.8376299,15,PUNE-CSMT,UP,kyn-csmt
57,18.91928,73.32199,18.92565,73.31381,90,PUNE-CSMT,UP,kjt-pnvl
58,18.92522,73.20383,18.93674,73.19643,90,PUNE-CSMT,UP,kjt-pnvl
59,18.94843,73.19346,18.95488,73.18416,100,PUNE-CSMT,UP,kjt-pnvl
60,19.13952,73.08222,19.14749,73.08282,95,PUNE-CSMT,UP,pnvl-diva
61,19.14386,73.08279,19.15416,73.08055,80,PUNE-CSMT,UP,pnvl-diva
62,19.16973,73.07527,19.17579,73.07073,95,PUNE-CSMT,UP,pnvl-diva
63,19.18373,73.06383,19.18874,73.05599,100,PUNE-CSMT,UP,pnvl-diva
64,19.19108,73.05145,19.18968,73.04546,80,PUNE-CSMT,UP,pnvl-diva
65,19.2025237,73.0055572,19.2052626,73.0170686,95,LTT-PUNE,DN,ltt-kyn
66,19.2052626,73.0170686,19.1999952,73.0222114,85,LTT-PUNE,DN,ltt-kyn
67,19.1999952,73.0222114,19.186468,73.037127,100,LTT-PUNE,DN,ltt-kyn
68,19.2328096,73.1233412,19.23600336,73.13264031,65,LTT-PUNE,DN,ltt-kyn
69,19.21137,73.18152,19.20586,73.19085,95,LTT-PUNE,DN,kyn-kjt
70,19.16803,73.23459,19.16649,73.24102,90,LTT-PUNE,DN,kyn-kjt
71,19.16649,73.24102,19.16116,73.24668,85,LTT-PUNE,DN,kyn-kjt
72,18.89966,73.32024,18.88611,73.32026,80,LTT-PUNE,DN,kjt-lnl
73,18.88611,73.32026,18.75134,73.40496,60,LTT-PUNE,DN,kjt-lnl
74,18.76739,73.55339,18.76508875,73.56257934,90,LTT-PUNE,DN,lnl-pune
75,18.73961,73.66455,18.73368,73.67413,85,LTT-PUNE,DN,lnl-pune
76,18.70189,73.70414,18.7002,73.71074,90,LTT-PUNE,DN,lnl-pune
77,18.64444,73.78596,18.63789,73.79288,90,LTT-PUNE,DN,lnl-pune
78,18.56895468,73.83757335,18.56099833,73.84255651,75,LTT-PUNE,DN,lnl-pune
79,18.53034481,73.85325077,18.52853007,73.85875471,85,LTT-PUNE,DN,lnl-pune
80,18.52853007,73.85875471,18.52869089,73.86686047,30,LTT-PUNE,DN,lnl-pune
81,18.52869089,73.86686047,18.5295334,73.875868,10,LTT-PUNE,DN,lnl-pune
82,19.19047,73.04674,19.1888,73.05601,75,LTT-PUNE,DN,dw-pnvl
83,19.186547,73.060481,19.18050621,73.06673688,100,LTT-PUNE,DN,dw-pnvl
84,19.173476,73.072862,19.16447,73.07714,95,LTT-PUNE,DN,dw-pnvl
85,19.147775,73.083169,19.13676838,73.08266356,80,LTT-PUNE,DN,dw-pnvl
86,19.14297,73.082884,19.13618439,73.08262453,95,LTT-PUNE,DN,dw-pnvl
87,19.06832,73.09272,19.06113,73.09781,95,LTT-PUNE,DN,dw-pnvl
88,19.044216,73.112123,19.03112,73.1147,95,LTT-PUNE,DN,dw-pnvl
89,18.99829,73.11582,18.99278,73.11964,75,LTT-PUNE,DN,dw-pnvl
90,18.95266,73.1883,18.94395,73.19478,100,LTT-PUNE,DN,pnvl-kjt
91,18.93262,73.19748,18.92074,73.20536,90,LTT-PUNE,DN,pnvl-kjt
92,18.92565,73.31381,18.91928,73.32199,90,LTT-PUNE,DN,pnvl-kjt
93,18.52944,73.85431,18.53523,73.85052,90,PUNE-LTT,UP,pune-lnl
94,18.7389,73.66729,18.73971,73.66049,85,PUNE-LTT,UP,pune-lnl
95,18.76763,73.55478,18.76577,73.54908,90,PUNE-LTT,UP,pune-lnl
96,18.75481,73.37581,18.7514,73.36817,30,PUNE-LTT,UP,lnl-kjt
97,18.77505,73.36341,18.7855,73.36699,25,PUNE-LTT,UP,lnl-kjt
98,18.7855,73.36699,18.79097,73.36477,30,PUNE-LTT,UP,lnl-kjt
99,18.82649,73.36392,18.83151,73.35966,30,PUNE-LTT,UP,lnl-kjt
100,18.88737,73.32002,18.90939383,73.32071368,80,PUNE-LTT,UP,lnl-kjt
101,19.16416,73.245,19.2058587,73.1908487,85,PUNE-LTT,UP,kjt-kyn
102,19.16723,73.23636,19.1611624,73.2466777,90,PUNE-LTT,UP,kjt-kyn
103,19.18532,73.03467,19.20378,73.01926,100,PUNE-LTT,UP,kyn-csmt
104,19.20378,73.01926,19.20586,73.01551,85,PUNE-LTT,UP,kyn-csmt
105,19.20586,73.01551,19.19979,73.00241,95,PUNE-LTT,UP,kyn-csmt
106,19.18766,72.98077,19.18477,72.97162,80,PUNE-LTT,UP,kyn-csmt
107,18.91928,73.32199,18.92565,73.31381,90,PUNE-LTT,UP,kjt-pnvl
108,18.92522,73.20383,18.93674,73.19643,90,PUNE-LTT,UP,kjt-pnvl
109,18.94843,73.19346,18.95488,73.18416,100,PUNE-LTT,UP,kjt-pnvl
110,19.13952,73.08222,19.14749,73.08282,95,PUNE-LTT,UP,pnvl-diva
111,19.14386,73.08279,19.15416,73.08055,80,PUNE-LTT,UP,pnvl-diva
112,19.16973,73.07527,19.17579,73.07073,95,PUNE-LTT,UP,pnvl-diva
113,19.18373,73.06383,19.18874,73.05599,100,PUNE-LTT,UP,pnvl-diva
114,19.19108,73.05145,19.18968,73.04546,80,PUNE-LTT,UP,pnvl-diva
115,18.9528335,72.8382871,18.9571656,72.8386147,70,CSMT-JL,DN,csmt-kyn
116,18.9635702,72.8389997,18.9695334,72.8337834,60,CSMT-JL,DN,csmt-kyn
117,18.9708535,72.8332235,18.9787206,72.8328779,60,CSMT-JL,DN,csmt-kyn
118,19.00497,72.83501,19.01275,72.8399,80,CSMT-JL,DN,csmt-kyn
119,19.0296553,72.8517695,19.0361707,72.8561189,65,CSMT-JL,DN,csmt-kyn
120,19.0801853,72.8983858,19.0835601,72.9043999,65,CSMT-JL,DN,csmt-kyn
121,19.2025237,73.0055572,19.2052626,73.0170686,95,CSMT-JL,DN,csmt-kyn
122,19.2052626,73.0170686,19.1999952,73.0222114,85,CSMT-JL,DN,csmt-kyn
123,19.1999952,73.0222114,19.186468,73.037127,100,CSMT-JL,DN,csmt-kyn
124,19.2328096,73.1233412,19.23600336,73.13264031,65,CSMT-JL,DN,csmt-kyn
125,19.29484,73.20268,19.3045695,73.211849,85,CSMT-JL,DN,kyn-ksra
126,19.35352,73.21382,19.35749,73.22105,90,CSMT-JL,DN,kyn-ksra
127,19.40787,73.26908,19.41004,73.27719,80,CSMT-JL,DN,kyn-ksra
128,19.47389,73.30394,19.48057,73.31394,95,CSMT-JL,DN,kyn-ksra
129,19.48057,73.31394,19.4865411,73.3228478,80,CSMT-JL,DN,kyn-ksra
130,19.50778,73.32696,19.51579,73.33267,85,CSMT-JL,DN,kyn-ksra
131,19.64087087,73.46936485,19.64620442,73.47200933,50,CSMT-JL,DN,kyn-ksra
132,19.68022,73.49216,19.68693,73.49555,30,CSMT-JL,DN,ksra-igp
133,19.70327,73.52368,19.70174,73.52951,45,CSMT-JL,DN,ksra-igp
134,19.69769,73.55307,19.69302,73.57202,15,CSMT-JL,DN,ksra-igp
135,19.693415,73.595918,19.726641,73.637868,110,CSMT-JL,DN,igp-mmr
136,19.726641,73.637868,19.739396,73.639238,95,CSMT-JL,DN,igp-mmr
137,19.739396,73.639238,19.78138,73.66234,110,CSMT-JL,DN,igp-mmr
138,19.78138,73.66234,19.79961,73.67195,85,CSMT-JL,DN,igp-mmr
139,19.79961,73.67195,19.82733,73.79016,110,CSMT-JL,DN,igp-mmr
140,19.82733,73.79016,19.83547,73.79163,100,CSMT-JL,DN,igp-mmr
141,19.83547,73.79163,19.872073,73.817616,110,CSMT-JL,DN,igp-mmr
142,19.939238,73.840241,19.959121,73.844703,110,CSMT-JL,DN,igp-mmr
143,19.979857,73.87096,19.991439,73.876213,115,CSMT-JL,DN,igp-mmr
144,20.045372,73.971065,20.048318,73.977361,110,CSMT-JL,DN,igp-mmr
145,20.083347,74.05056,20.110411,74.114885,110,CSMT-JL,DN,igp-mmr
146,20.110411,74.114885,20.15384,74.223464,115,CSMT-JL,DN,igp-mmr
147,20.180039,74.27905,20.182398,74.287455,110,CSMT-JL,DN,igp-mmr
148,20.207593,74.336102,20.212616,74.345714,110,CSMT-JL,DN,igp-mmr
149,20.237616,74.40743,20.239362,74.416243,110,CSMT-JL,DN,igp-mmr
150,20.245021,74.42451,20.24014,74.41773,110,JL-CSMT,UP,mmr-igp
151,20.209551,74.339983,20.206275,74.333732,110,JL-CSMT,UP,mmr-igp
152,20.181257,74.282792,20.178015,74.274929,110,JL-CSMT,UP,mmr-igp
153,20.15159,74.218773,20.146314,74.194758,110,JL-CSMT,UP,mmr-igp
154,20.125509,74.14538,20.102198,74.087654,115,JL-CSMT,UP,mmr-igp
155,20.102198,74.087654,20.034962,73.949488,110,JL-CSMT,UP,mmr-igp
156,19.98658,73.87574,19.98083,73.87284,80,JL-CSMT,UP,mmr-igp
157,19.95481,73.84382,19.93868,73.84023,80,JL-CSMT,UP,mmr-igp
158,19.93868,73.84023,19.937165,73.839919,110,JL-CSMT,UP,mmr-igp
159,19.875555,73.827481,19.8235,73.70616,110,JL-CSMT,UP,mmr-igp
160,19.8235,73.70616,19.81674,73.69921,75,JL-CSMT,UP,mmr-igp
161,19.81674,73.69921,19.8037,73.6822,100,JL-CSMT,UP,mmr-igp
162,19.8037,73.6822,19.79543,73.67232,95,JL-CSMT,UP,mmr-igp
163,19.79543,73.67232,19.77951,73.66118,85,JL-CSMT,UP,mmr-igp
164,19.77951,73.66118,19.73505,73.64026,110,JL-CSMT,UP,mmr-igp
165,19.73505,73.64026,19.72395,73.63656,90,JL-CSMT,UP,mmr-igp
166,19.72395,73.63656,19.69142,73.59093,110,JL-CSMT,UP,mmr-igp
167,19.69288,73.57284,19.69462,73.56015,15,JL-CSMT,UP,mmr-igp
168,19.70084,73.52024,19.70125,73.51181,30,JL-CSMT,UP,igp-ksra
169,19.67947,73.4918,19.67458,73.48629,30,JL-CSMT,UP,igp-ksra
170,19.66386,73.48086,19.65741,73.481,35,JL-CSMT,UP,igp-ksra
171,19.65186,73.47425,19.64989,73.47362,25,JL-CSMT,UP,igp-ksra
172,19.64989,73.47362,19.6380319,73.4686661,75,JL-CSMT,UP,igp-ksra
173,19.64062,73.46943,19.635355,73.4663791,75,JL-CSMT,UP,ksra-kyn
174,19.60852,73.40441,19.5990991,73.3995623,100,JL-CSMT,UP,ksra-kyn
175,19.58285,73.39632,19.577882,73.3826266,80,JL-CSMT,UP,ksra-kyn
176,19.5089756,73.3271064,19.5035923,73.3282641,80,JL-CSMT,UP,ksra-kyn
177,19.48471,73.31738,19.47784228,73.31220072,85,JL-CSMT,UP,ksra-kyn
178,19.47625,73.30926,19.477642,73.3121942,100,JL-CSMT,UP,ksra-kyn
179,19.40914,73.27291,19.4044105,73.2645939,75,JL-CSMT,UP,ksra-kyn
180,19.35604,73.21705,19.348463,73.2125803,85,JL-CSMT,UP,ksra-kyn
181,19.3002,73.20534,19.29036,73.2015928,90,JL-CSMT,UP,ksra-kyn
182,19.28779,73.20026,19.2821194,73.1921491,85,JL-CSMT,UP,ksra-kyn
183,19.23975,73.14529,19.2385876,73.1400029,60,JL-CSMT,UP,ksra-kyn
184,19.18532,73.03467,19.20378,73.01926,100,JL-CSMT,UP,kyn-csmt
185,19.20378,73.01926,19.20586,73.01551,85,JL-CSMT,UP,kyn-csmt
186,19.20586,73.01551,19.19979,73.00241,95,JL-CSMT,UP,kyn-csmt
187,19.18766,72.98077,19.18477,72.97162,80,JL-CSMT,UP,kyn-csmt
188,19.02695,72.85013,19.01995905,72.84497803,60,JL-CSMT,UP,kyn-csmt
189,19.00792,72.83688,18.99994,72.83338,80,JL-CSMT,UP,kyn-csmt
190,18.98018,72.83282,18.97454,72.83287,65,JL-CSMT,UP,kyn-csmt
191,18.97358,72.83287,18.96537,72.83762,65,JL-CSMT,UP,kyn-csmt
192,18.96537,72.83762,18.95897,72.83928,50,JL-CSMT,UP,kyn-csmt
193,18.95897,72.83928,18.95112,72.83843,60,JL-CSMT,UP,kyn-csmt
194,18.95112,72.83843,18.9445291,72.8357036,30,JL-CSMT,UP,kyn-csmt
195,18.95071,72.83845,18.946764,72.8376299,15,JL-CSMT,UP,kyn-csmt
196,19.2025237,73.0055572,19.2052626,73.0170686,95,LTT-JL,DN,ltt-kyn
197,19.2052626,73.0170686,19.1999952,73.0222114,85,LTT-JL,DN,ltt-kyn
198,19.1999952,73.0222114,19.186468,73.037127,100,LTT-JL,DN,ltt-kyn
199,19.2328096,73.1233412,19.23600336,73.13264031,65,LTT-JL,DN,ltt-kyn
200,19.29484,73.20268,19.3045695,73.211849,85,LTT-JL,DN,kyn-ksra
201,19.353349,73.213691,19.35749,73.22105,90,LTT-JL,DN,kyn-ksra
202,19.40787,73.26908,19.41004,73.27719,80,LTT-JL,DN,kyn-ksra
203,19.47389,73.30394,19.48057,73.31394,95,LTT-JL,DN,kyn-ksra
204,19.48057,73.31394,19.4865411,73.3228478,80,LTT-JL,DN,kyn-ksra
205,19.50778,73.32696,19.51579,73.33267,85,LTT-JL,DN,kyn-ksra
206,19.64087087,73.46936485,19.64620442,73.47200933,50,LTT-JL,DN,kyn-ksra
207,19.68022,73.49216,19.68693,73.49555,30,LTT-JL,DN,ksra-igp
208,19.70327,73.52368,19.70174,73.52951,45,LTT-JL,DN,ksra-igp
209,19.69769,73.55307,19.69302,73.57202,15,LTT-JL,DN,ksra-igp
210,19.693415,73.595918,19.726641,73.637868,110,LTT-JL,DN,igp-mmr
211,19.726641,73.637868,19.739396,73.639238,95,LTT-JL,DN,igp-mmr
212,19.739396,73.639238,19.78138,73.66234,110,LTT-JL,DN,igp-mmr
213,19.78138,73.66234,19.79961,73.67195,85,LTT-JL,DN,igp-mmr
214,19.79961,73.67195,19.82733,73.79016,110,LTT-JL,DN,igp-mmr
215,19.82733,73.79016,19.83547,73.79163,100,LTT-JL,DN,igp-mmr
216,19.83547,73.79163,19.872073,73.817616,110,LTT-JL,DN,igp-mmr
217,19.939238,73.840241,19.959121,73.844703,110,LTT-JL,DN,igp-mmr
218,19.979857,73.87096,19.991439,73.876213,115,LTT-JL,DN,igp-mmr
219,20.045372,73.971065,20.048318,73.977361,110,LTT-JL,DN,igp-mmr
220,20.083347,74.05056,20.110411,74.114885,110,LTT-JL,DN,igp-mmr
221,20.110411,74.114885,20.15384,74.223464,115,LTT-JL,DN,igp-mmr
222,20.180039,74.27905,20.182398,74.287455,110,LTT-JL,DN,igp-mmr
223,20.207593,74.336102,20.212616,74.345714,110,LTT-JL,DN,igp-mmr
224,20.237616,74.40743,20.239362,74.416243,110,LTT-JL,DN,igp-mmr
225,20.245021,74.42451,20.24014,74.41773,110,JL-LTT,UP,mmr-igp
226,20.209551,74.339983,20.206275,74.333732,110,JL-LTT,UP,mmr-igp
227,20.181257,74.282792,20.178015,74.274929,110,JL-LTT,UP,mmr-igp
228,20.15159,74.218773,20.146314,74.194758,110,JL-LTT,UP,mmr-igp
229,20.125509,74.14538,20.102198,74.087654,115,JL-LTT,UP,mmr-igp
230,20.102198,74.087654,20.034962,73.949488,110,JL-LTT,UP,mmr-igp
231,19.98658,73.87574,19.98083,73.87284,80,JL-LTT,UP,mmr-igp
232,19.95481,73.84382,19.93868,73.84023,80,JL-LTT,UP,mmr-igp
233,19.93868,73.84023,19.937165,73.839919,110,JL-LTT,UP,mmr-igp
234,19.875555,73.827481,19.8235,73.70616,110,JL-LTT,UP,mmr-igp
235,19.8235,73.70616,19.81674,73.69921,75,JL-LTT,UP,mmr-igp
236,19.81674,73.69921,19.8037,73.6822,100,JL-LTT,UP,mmr-igp
237,19.8037,73.6822,19.79543,73.67232,95,JL-LTT,UP,mmr-igp
238,19.79543,73.67232,19.77951,73.66118,85,JL-LTT,UP,mmr-igp
239,19.77951,73.66118,19.73505,73.64026,110,JL-LTT,UP,mmr-igp
240,19.73505,73.64026,19.72395,73.63656,90,JL-LTT,UP,mmr-igp
241,19.72395,73.63656,19.69142,73.59093,110,JL-LTT,UP,mmr-igp
242,19.69288,73.57284,19.69462,73.56015,15,JL-LTT,UP,mmr-igp
243,19.70084,73.52024,19.70125,73.51181,30,JL-LTT,UP,igp-ksra
244,19.67947,73.4918,19.67458,73.48629,30,JL-LTT,UP,igp-ksra
245,19.66386,73.48086,19.65741,73.481,35,JL-LTT,UP,igp-ksra
246,19.65186,73.47425,19.64989,73.47362,25,JL-LTT,UP,igp-ksra
247,19.64989,73.47362,19.6380319,73.4686661,75,JL-LTT,UP,igp-ksra
248,19.64062,73.46943,19.635355,73.4663791,75,JL-LTT,UP,ksra-kyn
249,19.60852,73.40441,19.5990991,73.3995623,100,JL-LTT,UP,ksra-kyn
250,19.58285,73.39632,19.577882,73.3826266,80,JL-LTT,UP,ksra-kyn
251,19.5089756,73.3271064,19.5035923,73.3282641,80,JL-LTT,UP,ksra-kyn
252,19.48471,73.31738,19.47784228,73.31220072,85,JL-LTT,UP,ksra-kyn
253,19.47625,73.30926,19.477642,73.3121942,100,JL-LTT,UP,ksra-kyn
254,19.40914,73.27291,19.4044105,73.2645939,75,JL-LTT,UP,ksra-kyn
255,19.35604,73.21705,19.348463,73.2125803,85,JL-LTT,UP,ksra-kyn
256,19.3002,73.20534,19.29036,73.2015928,90,JL-LTT,UP,ksra-kyn
257,19.28779,73.20026,19.2821194,73.1921491,85,JL-LTT,UP,ksra-kyn
258,19.23975,73.14529,19.2385876,73.1400029,60,JL-LTT,UP,ksra-kyn
259,19.18532,73.03467,19.20378,73.01926,100,JL-LTT,UP,kyn-ltt
260,19.20378,73.01926,19.20586,73.01551,85,JL-LTT,UP,kyn-ltt
261,19.20586,73.01551,19.19979,73.00241,95,JL-LTT,UP,kyn-ltt
262,19.18766,72.98077,19.18477,72.97162,80,JL-LTT,UP,kyn-ltt
263,18.9528335,72.8382871,18.9571656,72.8386147,70,CSMT-RN,DN,csmt-dw
264,18.9635702,72.8389997,18.9695334,72.8337834,60,CSMT-RN,DN,csmt-dw
265,18.9708535,72.8332235,18.9787206,72.8328779,60,CSMT-RN,DN,csmt-dw
266,19.00497,72.83501,19.01275,72.8399,80,CSMT-RN,DN,csmt-dw
267,19.0296553,72.8517695,19.0361707,72.8561189,65,CSMT-RN,DN,csmt-dw
268,19.0801853,72.8983858,19.0835601,72.9043999,65,CSMT-RN,DN,csmt-dw
269,19.2025237,73.0055572,19.2052626,73.0170686,95,CSMT-RN,DN,csmt-dw
270,19.2052626,73.0170686,19.1999952,73.0222114,85,CSMT-RN,DN,csmt-dw
271,19.1999952,73.0222114,19.186468,73.037127,100,CSMT-RN,DN,csmt-dw
272,19.19047,73.04674,19.1888,73.05601,75,CSMT-RN,DN,dw-roha
273,19.186547,73.060481,19.18050621,73.06673688,100,CSMT-RN,DN,dw-roha
274,19.173476,73.072862,19.16447,73.07714,95,CSMT-RN,DN,dw-roha
275,19.147775,73.083169,19.13676838,73.08266356,80,CSMT-RN,DN,dw-roha
276,19.14297,73.082884,19.13618439,73.08262453,95,CSMT-RN,DN,dw-roha
277,19.06832,73.09272,19.06113,73.09781,95,CSMT-RN,DN,dw-roha
278,19.044216,73.112123,19.03112,73.1147,95,CSMT-RN,DN,dw-roha
279,18.99829,73.11582,18.99278,73.11964,75,CSMT-RN,DN,dw-roha
280,18.876311,73.154155,18.86756,73.15374,100,CSMT-RN,DN,dw-roha
281,18.828845,73.08825,18.81994,73.08673,105,CSMT-RN,DN,dw-roha
282,18.815305,73.086235,18.79552,73.07873,60,CSMT-RN,DN,dw-roha
283,18.711563,73.053929,18.70104,73.05027,95,CSMT-RN,DN,dw-roha
284,18.55481,73.1324,18.54072,73.1407,65,CSMT-RN,DN,dw-roha
285,18.536778,73.142061,18.52718,73.13692,50,CSMT-RN,DN,dw-roha
286,18.465385,73.105239,18.45387,73.11012,65,CSMT-RN,DN,dw-roha
287,18.451248,73.112883,18.447704,73.120621,100,CSMT-RN,DN,dw-roha
288,18.447704,73.120621,18.44667,73.12478,75,CSMT-RN,DN,dw-roha
289,18.44667,73.12478,18.44429,73.13328,50,CSMT-RN,DN,dw-roha
290,18.448641,73.117142,18.47635,73.10867,65,RN-CSMT,UP,roha-dw
291,18.50332,73.118824,18.52824,73.13667,65,RN-CSMT,UP,roha-dw
292,18.531149,73.139898,18.54153,73.14044,50,RN-CSMT,UP,roha-dw
293,18.544879,73.139429,18.55966,73.12859,65,RN-CSMT,UP,roha-dw
294,18.715369,73.060393,18.72214,73.07756,85,RN-CSMT,UP,roha-dw
295,18.827027,73.087446,18.83846,73.09794,60,RN-CSMT,UP,roha-dw
296,18.84218,73.107954,18.85292,73.13774,80,RN-CSMT,UP,roha-dw
297,18.852955,73.137741,18.86612,73.15343,60,RN-CSMT,UP,roha-dw
298,18.898111,73.151754,18.91893,73.15024,95,RN-CSMT,UP,roha-dw
299,18.962684,73.14426,18.97101,73.13984,95,RN-CSMT,UP,roha-dw
300,18.983354,73.129535,18.98665,73.12608,15,RN-CSMT,UP,roha-dw
301,18.99483,73.11727,19.00499,73.11536,80,RN-CSMT,UP,roha-dw
302,19.03826,73.11444,19.04834,73.10722,95,RN-CSMT,UP,roha-dw
303,19.06737,73.09295,19.07486,73.08973,95,RN-CSMT,UP,roha-dw
304,19.13952,73.08222,19.14749,73.08282,95,RN-CSMT,UP,roha-dw
305,19.14386,73.08279,19.15416,73.08055,80,RN-CSMT,UP,roha-dw
306,19.16973,73.07527,19.17579,73.07073,95,RN-CSMT,UP,roha-dw
307,19.18373,73.06383,19.18874,73.05599,100,RN-CSMT,UP,roha-dw
308,19.19108,73.05145,19.18968,73.04546,80,RN-CSMT,UP,roha-dw
309,19.18532,73.03467,19.20378,73.01926,100,RN-CSMT,UP,dw-csmt
310,19.20378,73.01926,19.20586,73.01551,85,RN-CSMT,UP,dw-csmt
311,19.20586,73.01551,19.19979,73.00241,95,RN-CSMT,UP,dw-csmt
312,19.18766,72.98077,19.18477,72.97162,80,RN-CSMT,UP,dw-csmt
313,19.02695,72.85013,19.01995905,72.84497803,60,RN-CSMT,UP,dw-csmt
314,19.00792,72.83688,18.99994,72.83338,80,RN-CSMT,UP,dw-csmt
315,18.98018,72.83282,18.97454,72.83287,65,RN-CSMT,UP,dw-csmt
316,18.97358,72.83287,18.96537,72.83762,65,RN-CSMT,UP,dw-csmt
317,18.96537,72.83762,18.95897,72.83928,50,RN-CSMT,UP,dw-csmt
318,18.95897,72.83928,18.95112,72.83843,60,RN-CSMT,UP,dw-csmt
319,18.95112,72.83843,18.9445291,72.8357036,30,RN-CSMT,UP,dw-csmt
320,18.95071,72.83845,18.946764,72.8376299,15,RN-CSMT,UP,dw-csmt
321,19.2025237,73.0055572,19.2052626,73.0170686,95,LTT-RN,DN,ltt-dw
322,19.2052626,73.0170686,19.1999952,73.0222114,85,LTT-RN,DN,ltt-dw
323,19.1999952,73.0222114,19.186468,73.037127,100,LTT-RN,DN,ltt-dw
324,19.19047,73.04674,19.1888,73.05601,75,LTT-RN,DN,dw-roha
325,19.186547,73.060481,19.18050621,73.06673688,100,LTT-RN,DN,dw-roha
326,19.173476,73.072862,19.16447,73.07714,95,LTT-RN,DN,dw-roha
327,19.147775,73.083169,19.13676838,73.08266356,80,LTT-RN,DN,dw-roha
328,19.14297,73.082884,19.13618439,73.08262453,95,LTT-RN,DN,dw-roha
329,19.06832,73.09272,19.06113,73.09781,95,LTT-RN,DN,dw-roha
330,19.044216,73.112123,19.03112,73.1147,95,LTT-RN,DN,dw-roha
331,18.99829,73.11582,18.99278,73.11964,75,LTT-RN,DN,dw-roha
332,18.876311,73.154155,18.86756,73.15374,100,LTT-RN,DN,dw-roha
333,18.828845,73.08825,18.81994,73.08673,105,LTT-RN,DN,dw-roha
334,18.815305,73.086235,18.79552,73.07873,60,LTT-RN,DN,dw-roha
335,18.711563,73.053929,18.70104,73.05027,95,LTT-RN,DN,dw-roha
336,18.55481,73.1324,18.54072,73.1407,65,LTT-RN,DN,dw-roha
337,18.536778,73.142061,18.52718,73.13692,50,LTT-RN,DN,dw-roha
338,18.465385,73.105239,18.45387,73.11012,65,LTT-RN,DN,dw-roha
339,18.451248,73.112883,18.447704,73.120621,100,LTT-RN,DN,dw-roha
340,18.447704,73.120621,18.44667,73.12478,75,LTT-RN,DN,dw-roha
341,18.44667,73.12478,18.44429,73.13328,50,LTT-RN,DN,dw-roha
342,19.373113,72.836564,19.36974225,72.84677804,70,BSR-RN,UP,bsr-dw
343,19.35333012,72.8887332,19.35023288,72.8949309,75,BSR-RN,UP,bsr-dw
344,19.29155821,73.01879027,19.28618607,73.02624681,85,BSR-RN,UP,bsr-dw
345,19.20530796,73.08378435,19.20225979,73.0695818,65,BSR-RN,UP,bsr-dw
346,19.20225979,73.0695818,19.19423316,73.05515801,40,BSR-RN,UP,bsr-dw
347,19.19423316,73.05515801,19.18828483,73.057107,20,BSR-RN,UP,bsr-dw
348,19.186547,73.060481,19.18050621,73.06673688,100,BSR-RN,DN,dw-roha
349,19.173476,73.072862,19.16447,73.07714,95,BSR-RN,DN,dw-roha
350,19.147775,73.083169,19.13676838,73.08266356,80,BSR-RN,DN,dw-roha
351,19.14297,73.082884,19.13618439,73.08262453,95,BSR-RN,DN,dw-roha
352,19.06832,73.09272,19.06113,73.09781,95,BSR-RN,DN,dw-roha
353,19.044216,73.112123,19.03112,73.1147,95,BSR-RN,DN,dw-roha
354,18.99829,73.11582,18.99278,73.11964,75,BSR-RN,DN,dw-roha
355,18.876311,73.154155,18.86756,73.15374,100,BSR-RN,DN,dw-roha
356,18.828845,73.08825,18.81994,73.08673,105,BSR-RN,DN,dw-roha
357,18.815305,73.086235,18.79552,73.07873,60,BSR-RN,DN,dw-roha
358,18.711563,73.053929,18.70104,73.05027,95,BSR-RN,DN,dw-roha
359,18.55481,73.1324,18.54072,73.1407,65,BSR-RN,DN,dw-roha
360,18.536778,73.142061,18.52718,73.13692,50,BSR-RN,DN,dw-roha
361,18.465385,73.105239,18.45387,73.11012,65,BSR-RN,DN,dw-roha
362,18.451248,73.112883,18.447704,73.120621,100,BSR-RN,DN,dw-roha
363,18.447704,73.120621,18.44667,73.12478,75,BSR-RN,DN,dw-roha
364,18.44667,73.12478,18.44429,73.13328,50,BSR-RN,DN,dw-roha
365,18.448641,73.117142,18.47635,73.10867,65,RN-BSR,UP,roha-dw
366,18.50332,73.118824,18.52824,73.13667,65,RN-BSR,UP,roha-dw
367,18.531149,73.139898,18.54153,73.14044,50,RN-BSR,UP,roha-dw
368,18.544879,73.139429,18.55966,73.12859,65,RN-BSR,UP,roha-dw
369,18.715369,73.060393,18.72214,73.07756,85,RN-BSR,UP,roha-dw
370,18.827027,73.087446,18.83846,73.09794,60,RN-BSR,UP,roha-dw
371,18.84218,73.107954,18.85292,73.13774,80,RN-BSR,UP,roha-dw
372,18.852955,73.137741,18.86612,73.15343,60,RN-BSR,UP,roha-dw
373,18.898111,73.151754,18.91893,73.15024,95,RN-BSR,UP,roha-dw
374,18.962684,73.14426,18.97101,73.13984,95,RN-BSR,UP,roha-dw
375,18.983354,73.129535,18.98665,73.12608,15,RN-BSR,UP,roha-dw
376,18.99483,73.11727,19.00499,73.11536,80,RN-BSR,UP,roha-dw
377,19.03826,73.11444,19.04834,73.10722,95,RN-BSR,UP,roha-dw
378,19.06737,73.09295,19.07486,73.08973,95,RN-BSR,UP,roha-dw
379,19.13952,73.08222,19.14749,73.08282,95,RN-BSR,UP,roha-dw
380,19.14386,73.08279,19.15416,73.08055,80,RN-BSR,UP,roha-dw
381,19.16973,73.07527,19.17579,73.07073,95,RN-BSR,UP,roha-dw
382,19.18373,73.06383,19.18874,73.05599,100,RN-BSR,UP,roha-dw
383,19.18772652,73.05800995,19.18959257,73.05463182,30,RN-BSR,DN,dw-bsr
384,19.18959257,73.05463182,19.1859581,73.0614405,20,RN-BSR,DN,dw-bsr
385,19.20160123,73.06532948,19.19930479,73.07818056,40,RN-BSR,DN,dw-bsr
386,19.19930479,73.07818056,19.2113598,73.08033309,65,RN-BSR,DN,dw-bsr
387,19.28966719,73.02265957,19.29136251,73.01478837,85,RN-BSR,DN,dw-bsr
388,19.37061668,72.84119266,19.38320496,72.83198213,70,RN-BSR,DN,dw-bsr
389,19.13952,73.08222,19.14749,73.08282,95,PNVL-JL,DN,pnvl-dtvl
390,19.14386,73.08279,19.15416,73.08055,80,PNVL-JL,DN,pnvl-dtvl
391,19.16973,73.07527,19.17579,73.07073,95,PNVL-JL,DN,pnvl-dtvl
392,19.18373,73.06383,19.18874,73.05599,100,PNVL-JL,DN,pnvl-dtvl
393,19.189441,73.054861,19.195812,73.057398,20,PNVL-JL,DN,dtvl-dcc
394,19.29484,73.20268,19.3045695,73.211849,85,PNVL-JL,DN,kyn-ksra
395,19.35352,73.21382,19.35749,73.22105,90,PNVL-JL,DN,kyn-ksra
396,19.40787,73.26908,19.41004,73.27719,80,PNVL-JL,DN,kyn-ksra
397,19.47389,73.30394,19.48057,73.31394,95,PNVL-JL,DN,kyn-ksra
398,19.48057,73.31394,19.4865411,73.3228478,80,PNVL-JL,DN,kyn-ksra
399,19.50778,73.32696,19.51579,73.33267,85,PNVL-JL,DN,kyn-ksra
400,19.64087087,73.46936485,19.64620442,73.47200933,50,PNVL-JL,DN,kyn-ksra
401,19.68022,73.49216,19.68693,73.49555,30,PNVL-JL,DN,ksra-igp
402,19.70327,73.52368,19.70174,73.52951,45,PNVL-JL,DN,ksra-igp
403,19.69769,73.55307,19.69302,73.57202,15,PNVL-JL,DN,ksra-igp
404,19.693415,73.595918,19.726641,73.637868,110,PNVL-JL,DN,igp-mmr
405,19.726641,73.637868,19.739396,73.639238,95,PNVL-JL,DN,igp-mmr
406,19.739396,73.639238,19.78138,73.66234,110,PNVL-JL,DN,igp-mmr
407,19.78138,73.66234,19.79961,73.67195,85,PNVL-JL,DN,igp-mmr
408,19.79961,73.67195,19.82733,73.79016,110,PNVL-JL,DN,igp-mmr
409,19.82733,73.79016,19.83547,73.79163,100,PNVL-JL,DN,igp-mmr
410,19.83547,73.79163,19.872073,73.817616,110,PNVL-JL,DN,igp-mmr
411,19.939238,73.840241,19.959121,73.844703,110,PNVL-JL,DN,igp-mmr
412,19.979857,73.87096,19.991439,73.876213,115,PNVL-JL,DN,igp-mmr
413,20.045372,73.971065,20.048318,73.977361,110,PNVL-JL,DN,igp-mmr
414,20.083347,74.05056,20.110411,74.114885,110,PNVL-JL,DN,igp-mmr
415,20.110411,74.114885,20.15384,74.223464,115,PNVL-JL,DN,igp-mmr
416,20.180039,74.27905,20.182398,74.287455,110,PNVL-JL,DN,igp-mmr
417,20.207593,74.336102,20.212616,74.345714,110,PNVL-JL,DN,igp-mmr
418,20.237616,74.40743,20.239362,74.416243,110,PNVL-JL,DN,igp-mmr
419,20.245021,74.42451,20.24014,74.41773,110,JL-PNVL,UP,mmr-igp
420,20.209551,74.339983,20.206275,74.333732,110,JL-PNVL,UP,mmr-igp
421,20.181257,74.282792,20.178015,74.274929,110,JL-PNVL,UP,mmr-igp
422,20.15159,74.218773,20.146314,74.194758,110,JL-PNVL,UP,mmr-igp
423,20.125509,74.14538,20.102198,74.087654,115,JL-PNVL,UP,mmr-igp
424,20.102198,74.087654,20.034962,73.949488,110,JL-PNVL,UP,mmr-igp
425,19.98658,73.87574,19.98083,73.87284,80,JL-PNVL,UP,mmr-igp
426,19.95481,73.84382,19.93868,73.84023,80,JL-PNVL,UP,mmr-igp
427,19.93868,73.84023,19.937165,73.839919,110,JL-CSMT,UP,mmr-igp
428,19.875555,73.827481,19.8235,73.70616,110,JL-CSMT,UP,mmr-igp
429,19.8235,73.70616,19.81674,73.69921,75,JL-PNVL,UP,mmr-igp
430,19.81674,73.69921,19.8037,73.6822,100,JL-PNVL,UP,mmr-igp
431,19.8037,73.6822,19.79543,73.67232,95,JL-PNVL,UP,mmr-igp
432,19.79543,73.67232,19.77951,73.66118,85,JL-PNVL,UP,mmr-igp
433,19.77951,73.66118,19.73505,73.64026,110,JL-PNVL,UP,mmr-igp
434,19.73505,73.64026,19.72395,73.63656,90,JL-PNVL,UP,mmr-igp
435,19.72395,73.63656,19.69142,73.59093,110,JL-PNVL,UP,mmr-igp
436,19.69288,73.57284,19.69462,73.56015,15,JL-PNVL,UP,mmr-igp
437,19.70084,73.52024,19.70125,73.51181,30,JL-PNVL,UP,igp-ksra
438,19.67947,73.4918,19.67458,73.48629,30,JL-PNVL,UP,igp-ksra
439,19.66386,73.48086,19.65741,73.481,35,JL-PNVL,UP,igp-ksra
440,19.65186,73.47425,19.64989,73.47362,25,JL-PNVL,UP,igp-ksra
441,19.64989,73.47362,19.6380319,73.4686661,75,JL-PNVL,UP,igp-ksra
442,19.64062,73.46943,19.635355,73.4663791,75,JL-PNVL,UP,ksra-kyn
443,19.60852,73.40441,19.5990991,73.3995623,100,JL-PNVL,UP,ksra-kyn
444,19.58285,73.39632,19.577882,73.3826266,80,JL-PNVL,UP,ksra-kyn
445,19.5089756,73.3271064,19.5035923,73.3282641,80,JL-PNVL,UP,ksra-kyn
446,19.48471,73.31738,19.47784228,73.31220072,85,JL-PNVL,UP,ksra-kyn
447,19.47625,73.30926,19.477642,73.3121942,100,JL-PNVL,UP,ksra-kyn
448,19.40914,73.27291,19.4044105,73.2645939,75,JL-PNVL,UP,ksra-kyn
449,19.35604,73.21705,19.348463,73.2125803,85,JL-PNVL,UP,ksra-kyn
450,19.3002,73.20534,19.29036,73.2015928,90,JL-PNVL,UP,ksra-kyn
451,19.28779,73.20026,19.2821194,73.1921491,85,JL-PNVL,UP,ksra-kyn
452,19.23975,73.14529,19.2385876,73.1400029,60,JL-PNVL,UP,ksra-kyn
453,19.194036,73.054787,19.187778,73.058046,20,JL-PNVL,UP,dcc-dtvl
454,19.186547,73.060481,19.18050621,73.06673688,100,JL-PNVL,UP,dw-roha
455,19.173476,73.072862,19.16447,73.07714,95,JL-PNVL,UP,dw-roha
456,19.147775,73.083169,19.13676838,73.08266356,80,JL-PNVL,UP,dw-roha
457,19.14297,73.082884,19.13618439,73.08262453,95,JL-PNVL,UP,dw-roha