station_code,latitude,longitude,radius_m,location_id,direction,notes
BSR,19.382917,72.832085,120,BSR PF 5,UP,bsr virar end
BSR,19.37846027,72.83411327,120,BSR PF 5,DN,bsr  diva end
CHI,17.543296,73.519325,120,CHI PF2,UP,chi cst end
CHI,17.541427,73.524032,120,CHI PF1,DN,chi mao end
CSMT,18.9474059,72.8385204,120,CSMT PF 18,DN,for all sections
CSMT,18.947378,72.8384533,120,CSMT PF 17,DN,for all sections
CSMT,18.9474059,72.8383406,120,CSMT PF 16,DN,for all sections
CSMT,18.9469898,72.8379678,120,CSMT PF 15,DN,for all sections
CSMT,18.947005,72.8379008,120,CSMT PF 14,DN,for all sections
CSMT,18.9468046,72.8378149,120,CSMT PF 13,DN,for all sections
CSMT,18.94683,72.8377076,120,CSMT PF 12,DN,for all sections
CSMT,18.945728,72.837059,120,CSMT PF12,DN,for all sections
CSMT,18.946764,72.8376299,120,CSMT PF 11,DN,for all sections
CSMT,18.9467666,72.8375735,120,CSMT PF 10,DN,for all sections
CSMT,18.9445265,72.8357573,120,CSMT PF 09,DN,for all sections
CSMT,18.9445291,72.8357036,120,CSMT PF 08,DN,for all sections
CSMT,18.9420561,72.8371881,120,CSMT PF18,UP,cst terminal 
CSMT,18.942065,72.8371332,120,CSMT PF17,UP,cst terminal 
CSMT,18.9420688,72.8370138,120,CSMT PF 16,UP,cst terminal 
CSMT,18.9417022,72.8367845,120,CSMT PF15,UP,cst terminal 
CSMT,18.9416996,72.8366557,120,CSMT PF14,UP,cst terminal 
CSMT,18.940945,72.8365229,120,CSMT PF13,UP,cst terminal 
CSMT,18.9409475,72.8364089,120,CSMT PF12,UP,cst terminal 
CSMT,18.9409514,72.8363083,120,CSMT PF 11,UP,cst terminal 
CSMT,18.9409501,72.836213,120,CSMT PF10,UP,cst terminal 
CSMT,18.9409026,72.8361046,120,CSMT PF9,UP,cst terminal 
CSMT,18.9408798,72.8359437,120,CSMT PF8,UP,cst terminal 
DIVA,19.18815804,73.04110957,120,DIVA PF4,UP,dw bb end
DIVA,19.18816936,73.04210331,120,DIVA PF7,UP,dw bb end pnvl line
DIVA,19.18946194,73.04382787,120,DIVA PF3,DN,dw kyn end
DIVA,19.18977359,73.04539636,120,DIVA PF6,DN,dw pnvl end pnvl line
DR,19.01515,72.841736,120,DR PF12,UP,dr cst end
DR,19.019048,72.844257,120,DR PF10,DN,dr kyn end
DR,19.02172871,72.84649951,120,DR PF 13,DN,dr t kyn end
DR,19.01862259,72.84451493,120,DR PF 14,UP,dr t bb end
IGP,19.6944472,73.565195,120,IGP PF1,UP,igp bsl end
IGP,19.6939168,73.5664624,120,IGP PF2,UP,igp bsl end
IGP,19.6938613,73.5664463,120,IGP PF3,UP,igp bsl end
IGP,19.694602,73.56041,120,IGP PF3,UP,igp cst end
IGP,19.694456,73.564922,120,IGP PF2,DN,igp bsl end
IGP,19.694425,73.560775,120,IGP PF 2,UP,igp csmt end
JL,21.018642,75.565139,120,JL PF1,UP,jl cst end
JL,21.01779041,75.56005133,120,jL PF2,DN,jl bsl end
KJT,18.9096005,73.3208117,120,KJT PF1 ,DN,kjt  pune end
KJT,18.912969,73.320845,120,KJT PF2,UP,kjt bb end
KJT,18.9088533,73.32065649,120,KJT PF2,DN,kjt pune end
KSRA,19.6507783,73.4736924,120,KSRA PF1 ,DN,ksra igp end
KSRA,19.650748,73.4737809,120,KSRA PF2,DN,ksra igp end
KSRA,19.65065466,73.47379111,120,KSRA PF2,UP,ksra bb end
KYN,19.2358854,73.1323826,100,KYN PF4 ,DN,kyn pune/igp end
KYN,19.23567226,73.13250587,100,KYN PF 6,DN,kyn pune/igp end
KYN,19.234004692413926,73.12739189243842,100,KYN PF 5,UP,kyn csmt end
LNL,18.7483111,73.4114867,120,LNL PF1 ,DN,lnl  pune end
LNL,18.75023817,73.4065746,120,LNL PF2,UP,lnl bb end
LTT,19.068558,72.889518,120,LTT PF7,UP,ltt pf7 end
LTT,19.07158,72.893808,120,LTT PF4,DN,ltt pf4 kyn end
MMR,20.250043,74.440192,120,MMR PF,DN,mmr bsl end
MMR,20.248315,74.435286,120,MMR PF,UP,mmr csmt end
PNVL,18.9889121,73.1237964,120,PNVL PF6 RN END,DN,pnvl roha end
PNVL,18.9921703,73.1201058,120,PNVL PF 5 BB END,UP,pnvl cst end
PNVL,18.989034,73.123535,120,PNVL PF5 KJT END,DN,pnvl kjt end
PUNE,18.5293006,73.8705069,120,PUNE PF 4,UP,for csmt/ltt
PUNE,18.5293782,73.8705002,120,PUNE PF 5,UP,for csmt/ltt
PUNE,18.529234,73.870575,120,PUNE PF 3,UP,for csmt/ltt
PUNE,18.529068,73.871298,120,PUNE PF 2,UP,for csmt/ltt
PUNE,18.52954866,73.87422929,120,PUNE PF5,DN,pune dn
PDI,18.885131,73.320437,120,PDI stn,UP,pdi for mps
PDI,18.883955,73.321197,120,PDI stn,DN,pdi for mps
RN,17.00352959,73.3601392,120,RN PF2,UP,rn csmt end
RN,17.00294012,73.35390897,120,RN PF1,DN,rn mao end
ROHA,18.445959,73.127334,120,ROHA PF2 ,DN,roha rn end
ROHA,18.44720015,73.12234547,120,ROHA PF1,UP,roha bb end
TNA,19.18472,72.971954,120,TNA PF6,UP,tna bb end
TNA,19.186846,72.978336,120,TNA PF 5,DN,tna kyn end
DTVL,19.187606,73.058166,120,DTVL STN,UP,dtvl kyn end
DTVL,19.186582,73.060295,120,DTVL STN,DN,dtvl pnvl end
TLA,19.295046,73.202774,120,TLA STN,DN,tla kyn end
TLA,19.295291,73.202960,120,TLA STN,UP,tla kyn end
BUD,19.167006,73.237913,120,BUD STN,DN,bud kyn end
BUD,19.166944,73.237898,120,BUD STN,UP,bud kyn end
KOPR,19.21462,73.07734,120,KOPR STN,DN,kopr bsr end
KOPR,19.21277,73.07909,120,KOPR STN,UP,kopr diva end
DTCC,19.20045,73.06376,120,DTCC STN,DN,dtcc bsr end
DTCC,19.19618,73.05827,120,DTCC STN,UP,dtcc diva end
T5,18.825251,73.364583,150,T5/NNCN,UP,lnl-kjt ghat halt
TKW,18.830877,73.366683,150,Thakurwadi,UP,lnl-kjt ghat halt
MHLC,18.781562,73.365938,150,Monkey Hill Cabin,UP,lnl-kjt ghat halt
X102,19.701921,73.525433,150,X102,UP,igp-ksra ghat halt
X103,19.683739,73.495498,150,X103,UP,igp-ksra ghat halt