section,station,next_station,optional_nodes
CSMT-PUNE,CSMT,MSD,
    CSMT-PUNE,MSD,"WB,SNRD,BY","WB,SNRD"
    CSMT-PUNE,WB,SNRD,
CSMT-PUNE,SNRD,BY,
CSMT-PUNE,BY,"CHG,CRD,PL,PR,DDR,DR","CHG,CRD,PL,PR,DDR"
CSMT-PUNE,CHG,CRD,
CSMT-PUNE,CRD,PL,
CSMT-PUNE,PL,PR,
CSMT-PUNE,PR,DDR,
CSMT-PUNE,DDR,DR,
CSMT-PUNE,DR,MTN,
CSMT-PUNE,MTN,"SION,CLA",
CSMT-PUNE,SION,CLA,
CSMT-PUNE,CLA,"VVH,GC",
CSMT-PUNE,VVH,GC,
CSMT-PUNE,GC,"VK,BND,NHU,MLND","VK,BND,NHU"
CSMT-PUNE,VK,KJRD,
CSMT-PUNE,KJRD,BND,
CSMT-PUNE,BND,"NHU,MLND",NHU
CSMT-PUNE,NHU,MLND,
CSMT-PUNE,MLND,TNA,
CSMT-PUNE,TNA,KLVA,
CSMT-PUNE,KLVA,"T21,MBQ,DIVA","T21,MBQ"
CSMT-PUNE,T21,T22,
CSMT-PUNE,T22,MBQ,
CSMT-PUNE,MBQ,DIVA,
CSMT-PUNE,TNA,"T20,DIVA",
CSMT-PUNE,T20,DIVA,
CSMT-PUNE,DIVA,"DTCC,KOPR,DDCL,DI","DTCC,KOPR,DDCL"
CSMT-PUNE,DTCC,KOPR,
CSMT-PUNE,KOPR,DDCL,
CSMT-PUNE,DDCL,DI,
CSMT-PUNE,DI,"THK,KYN",THK
CSMT-PUNE,THK,KYN,
CSMT-PUNE,KYN,"VLDI,ULNR,ABH","VLDI,ULNR"
CSMT-PUNE,VLDI,ULNR,
CSMT-PUNE,ULNR,ABH,
CSMT-PUNE,ABH,BUD,
CSMT-PUNE,BUD,VGI,
CSMT-PUNE,VGI,"SHLU,NRL",SHLU
CSMT-PUNE,SHLU,NRL,
CSMT-PUNE,NRL,BVS,
CSMT-PUNE,BVS,KJT,
CSMT-PUNE,DIVA,"DTVL,NIIJ",DTVL
CSMT-PUNE,DTVL,NIIJ,
CSMT-PUNE,NIIJ,TPND,
CSMT-PUNE,TPND,"NVRD,KLMG",NVRD
CSMT-PUNE,NVRD,KLMG,
CSMT-PUNE,KLMG,PNVL,
CSMT-PUNE,PNVL,"CKHS,PYJE",CKHS
CSMT-PUNE,CKHS,PYJE,
CSMT-PUNE,PYJE,"T1,CHOK",T1
CSMT-PUNE,T1,CHOK,
CSMT-PUNE,CHOK,"T2,KJT",T2
CSMT-PUNE,T2,KJT,
CSMT-PUNE,KJT,PDI,
CSMT-PUNE,PDI,"T3,JBC",T3
CSMT-PUNE,T3,JBC,
CSMT-PUNE,JBC,"T4,TKW",T4
CSMT-PUNE,T4,TKW,
CSMT-PUNE,TKW,"T5,T23,T7,T8,MHLC","T5,T23,T7,T8"
CSMT-PUNE,T5,T23,
CSMT-PUNE,T23,T7,
CSMT-PUNE,T7,T8,
CSMT-PUNE,T8,MHLC,
CSMT-PUNE,MHLC,"T18,KAD",T18
CSMT-PUNE,T18,KAD,
CSMT-PUNE,KAD,LNL,
CSMT-PUNE,LNL,"LNLX,LNLB,MVL","LNLX,LNLB"
CSMT-PUNE,LNLX,LNLB,
CSMT-PUNE,LNLB,MVL,
CSMT-PUNE,MVL,KMST,
CSMT-PUNE,KMST,"KNHE,VDN,TGN","KNHE,VDN"
CSMT-PUNE,KNHE,VDN,
CSMT-PUNE,VDN,TGN,
CSMT-PUNE,TGN,"GRWD,SLRW,DEHR","GRWD,SLRW"
CSMT-PUNE,GRWD,SLRW,
CSMT-PUNE,SLRW,DEHR,
CSMT-PUNE,DEHR,"AKRD,CCH",AKRD
CSMT-PUNE,AKRD,CCH,
CSMT-PUNE,CCH,PMP,
CSMT-PUNE,PMP,"KSWD,DAPD,KK","KSWD,DAPD"
CSMT-PUNE,KSWD,DAPD,
CSMT-PUNE,DAPD,KK,
CSMT-PUNE,KK,SVJR,
CSMT-PUNE,SVJR,PUNE,
LTT-PUNE,LTT,VVH,
LTT-PUNE,VVH,GC,
LTT-PUNE,GC,VK,
LTT-PUNE,VK,"KJRD,BND",KJRD
LTT-PUNE,KJRD,BND,
LTT-PUNE,BND,"NHU,MLND",NHU
LTT-PUNE,NHU,MLND,
LTT-PUNE,MLND,TNA,
LTT-PUNE,TNA,"T20,DIVA",T20
LTT-PUNE,T20,DIVA,
LTT-PUNE,DIVA,"DTCC,KOPR,DDCL,DI","DTCC,KOPR,DDCL"
LTT-PUNE,DTCC,KOPR,
LTT-PUNE,KOPR,DDCL,
LTT-PUNE,DDCL,DI,
LTT-PUNE,DI,"THK,KYN",THK
LTT-PUNE,THK,KYN,
LTT-PUNE,KYN,"VLDI,ULNR,ABH","VLDI,ULNR"
LTT-PUNE,VLDI,ULNR,
LTT-PUNE,ULNR,ABH,
LTT-PUNE,ABH,BUD,
LTT-PUNE,BUD,VGI,
LTT-PUNE,VGI,"SHLU,NRL",SHLU
LTT-PUNE,SHLU,NRL,
LTT-PUNE,NRL,BVS,
LTT-PUNE,BVS,KJT,
LTT-PUNE,DIVA,"DTVL,NIIJ",DTVL
LTT-PUNE,DTVL,NIIJ,
LTT-PUNE,NIIJ,TPND,
LTT-PUNE,TPND,"NVRD,KLMG",NVRD
LTT-PUNE,NVRD,KLMG,
LTT-PUNE,KLMG,PNVL,
LTT-PUNE,PNVL,"CKHS,PYJE",CKHS
LTT-PUNE,CKHS,PYJE,
LTT-PUNE,PYJE,"T1,CHOK",T1
LTT-PUNE,T1,CHOK,
LTT-PUNE,CHOK,"T2,KJT",T2
LTT-PUNE,T2,KJT,
LTT-PUNE,KJT,PDI,
LTT-PUNE,PDI,"T3,JBC",T3
LTT-PUNE,T3,JBC,
LTT-PUNE,JBC,"T4,TKW",T4
LTT-PUNE,T4,TKW,
LTT-PUNE,TKW,"T5,T23,T7,T8,MHLC","T5,T23,T7,T8"
LTT-PUNE,T5,T23,
LTT-PUNE,T23,T7,
LTT-PUNE,T7,T8,
LTT-PUNE,T8,MHLC,
LTT-PUNE,MHLC,"T18,KAD",T18
LTT-PUNE,T18,KAD,
LTT-PUNE,KAD,LNL,
LTT-PUNE,LNL,"LNLX,LNLB,MVL","LNLX,LNLB"
LTT-PUNE,LNLX,LNLB,
LTT-PUNE,LNLB,MVL,
LTT-PUNE,MVL,KMST,
LTT-PUNE,KMST,"KNHE,VDN,TGN","KNHE,VDN"
LTT-PUNE,KNHE,VDN,
LTT-PUNE,VDN,TGN,
LTT-PUNE,TGN,"GRWD,SLRW,DEHR","GRWD,SLRW"
LTT-PUNE,GRWD,SLRW,
LTT-PUNE,SLRW,DEHR,
LTT-PUNE,DEHR,"AKRD,CCH",AKRD
LTT-PUNE,AKRD,CCH,
LTT-PUNE,CCH,PMP,
LTT-PUNE,PMP,"KSWD,DAPD,KK","KSWD,DAPD"
LTT-PUNE,KSWD,DAPD,
LTT-PUNE,DAPD,KK,
LTT-PUNE,KK,SVJR,
LTT-PUNE,SVJR,PUNE,
CSMT-RN,CSMT,MSD,
CSMT-RN,MSD,"WB,SNRD,BY","WB,SNRD"
CSMT-RN,WB,SNRD,
CSMT-RN,SNRD,BY,
CSMT-RN,BY,"CHG,CRD,PL,PR,DDR,DR","CHG,CRD,PL,PR,DDR"
CSMT-RN,CHG,CRD,
CSMT-RN,CRD,PL,
CSMT-RN,PL,PR,
CSMT-RN,PR,DDR,
CSMT-RN,DDR,DR,
CSMT-RN,DR,MTN,
CSMT-RN,MTN,"SION,CLA",
CSMT-RN,SION,CLA,
CSMT-RN,CLA,"VVH,GC",
CSMT-RN,VVH,GC,
CSMT-RN,GC,"VK,BND,NHU,MLND","VK,BND,NHU"
CSMT-RN,VK,KJRD,
CSMT-RN,KJRD,BND,
CSMT-RN,BND,"NHU,MLND",NHU
CSMT-RN,NHU,MLND,
CSMT-RN,MLND,TNA,
CSMT-RN,TNA,KLVA,
CSMT-RN,KLVA,"T21,MBQ,DIVA","T21,MBQ"
CSMT-RN,T21,T22,
CSMT-RN,T22,MBQ,
CSMT-RN,MBQ,DIVA,
CSMT-RN,TNA,"T20,DIVA",
CSMT-RN,T20,DIVA,
CSMT-RN,DIVA,DTVL,
CSMT-RN,DTVL,NIIJ,
CSMT-RN,NIIJ,TPND,
CSMT-RN,TPND,"NVRD,KLMG",NVRD
CSMT-RN,NVRD,KLMG,
CSMT-RN,KLMG,PNVL,
CSMT-RN,PNVL,SMNE,
CSMT-RN,SMNE,APTA,
CSMT-RN,APTA,"T13,JITE",T13
CSMT-RN,T13,JITE,
CSMT-RN,JITE,PEN,
CSMT-RN,PEN,KASU,
CSMT-RN,KASU,NGTN,
CSMT-RN,NGTN,"T14,ROHA",T14
CSMT-RN,T14,ROHA,
CSMT-RN,ROHA,KOL,
CSMT-RN,KOL,INP,
CSMT-RN,INP,MNI,
CSMT-RN,MNI,GNO,
CSMT-RN,GNO,VEER,
CSMT-RN,VEER,"T445,SAPE,T446,KFD,T447,T448,VINH,T449,DWV","T445,SAPE,T446,KFD,T447,T448,VINH,T449"
CSMT-RN,T445,SAPE,
CSMT-RN,SAPE,T446,
CSMT-RN,T446,KFD,
CSMT-RN,KFD,T447,
CSMT-RN,T447,T448,
CSMT-RN,T448,VINH,
CSMT-RN,VINH,T449,
CSMT-RN,T449,DWV,
CSMT-RN,DWV,"T450,KLBN,KHED","T450,KLBN"
CSMT-RN,T450,KLBN,
CSMT-RN,KLBN,KHED,
CSMT-RN,KHED,"T451,T452,T453,ANO,T454,T455,T456,CHI","T451,T452,T453,ANO,T454,T455,T456"
CSMT-RN,T451,T452,
CSMT-RN,T452,T453,
CSMT-RN,T453,ANO,
CSMT-RN,ANO,T454,
CSMT-RN,T454,T455,
CSMT-RN,T455,T456,
CSMT-RN,T456,CHI,
CSMT-RN,CHI,"T457,KMAH",T457
CSMT-RN,T457,KMAH,
CSMT-RN,KMAH,"T458,SVX,T459,T460,AVRD","T458,SVX,T459,T460"
CSMT-RN,T458,SVX,
CSMT-RN,SVX,T459,
CSMT-RN,T459,T460,
CSMT-RN,T460,AVRD,
CSMT-RN,AVRD,"T461,KDVI,T462,SGR","T461,KDVI,T462"
CSMT-RN,T461,KDVI,
CSMT-RN,KDVI,T462,
CSMT-RN,T462,"SGR,T463,T464,UKC,T465,T466,T467,T468,BOKE,T469,RN","SGR,T463,T464,UKC,T465,T466,T467,T468,BOKE,T469"
CSMT-RN,SGR,T463,
CSMT-RN,T463,T464,
CSMT-RN,T464,UKC,
CSMT-RN,UKC,T465,
CSMT-RN,T465,T466,
CSMT-RN,T466,T467,
CSMT-RN,T467,T468,
CSMT-RN,T468,BOKE,
CSMT-RN,BOKE,T469,
CSMT-RN,T469,RN,
LTT-RN,LTT,VVH,
LTT-RN,VVH,GC,
LTT-RN,GC,VK,
LTT-RN,VK,"KJRD,BND",KJRD
LTT-RN,KJRD,BND,
LTT-RN,BND,"NHU,MLND",NHU
LTT-RN,NHU,MLND,
LTT-RN,MLND,TNA,
LTT-RN,TNA,"T20,DIVA",T20
LTT-RN,T20,DIVA,
LTT-RN,TNA,KLVA,
LTT-RN,KLVA,"T21,MBQ,DIVA","T21,MBQ"
LTT-RN,T21,T22,
LTT-RN,T22,MBQ,
LTT-RN,MBQ,DIVA,
LTT-RN,DIVA,"DTVL,NIIJ",DTVL
LTT-RN,DTVL,NIIJ,
LTT-RN,NIIJ,TPND,
LTT-RN,TPND,"NVRD,KLMG",NVRD
LTT-RN,NVRD,KLMG,
LTT-RN,KLMG,PNVL,
LTT-RN,PNVL,SMNE,
LTT-RN,SMNE,APTA,
LTT-RN,APTA,"T13,JITE",T13
LTT-RN,T13,JITE,
LTT-RN,JITE,PEN,
LTT-RN,PEN,KASU,
LTT-RN,KASU,NGTN,
LTT-RN,NGTN,"T14,ROHA",T14
LTT-RN,T14,ROHA,
LTT-RN,ROHA,KOL,
LTT-RN,KOL,INP,
LTT-RN,INP,MNI,
LTT-RN,MNI,GNO,
LTT-RN,GNO,VEER,
LTT-RN,VEER,"T445,SAPE,T446,KFD,T447,T448,VINH,T449,DWV","T445,SAPE,T446,KFD,T447,T448,VINH,T449"
LTT-RN,T445,SAPE,
LTT-RN,SAPE,T446,
LTT-RN,T446,KFD,
LTT-RN,KFD,T447,
LTT-RN,T447,T448,
LTT-RN,T448,VINH,
LTT-RN,VINH,T449,
LTT-RN,T449,DWV,
LTT-RN,DWV,"T450,KLBN,KHED","T450,KLBN"
LTT-RN,T450,KLBN,
LTT-RN,KLBN,KHED,
LTT-RN,KHED,"T451,T452,T453,ANO,T454,T455,T456,CHI","T451,T452,T453,ANO,T454,T455,T456"
LTT-RN,T451,T452,
LTT-RN,T452,T453,
LTT-RN,T453,ANO,
LTT-RN,ANO,T454,
LTT-RN,T454,T455,
LTT-RN,T455,T456,
LTT-RN,T456,CHI,
LTT-RN,CHI,"T457,KMAH",T457
LTT-RN,T457,KMAH,
LTT-RN,KMAH,"T458,SVX,T459,T460,AVRD","T458,SVX,T459,T460"
LTT-RN,T458,SVX,
LTT-RN,SVX,T459,
LTT-RN,T459,T460,
LTT-RN,T460,AVRD,
LTT-RN,AVRD,"T461,KDVI,T462,SGR","T461,KDVI,T462"
LTT-RN,T461,KDVI,
LTT-RN,KDVI,T462,
LTT-RN,T462,"SGR,T463,T464,UKC,T465,T466,T467,T468,BOKE,T469,RN","SGR,T463,T464,UKC,T465,T466,T467,T468,BOKE,T469"
LTT-RN,SGR,T463,
LTT-RN,T463,T464,
LTT-RN,T464,UKC,
LTT-RN,UKC,T465,
LTT-RN,T465,T466,
LTT-RN,T466,T467,
LTT-RN,T467,T468,
LTT-RN,T468,BOKE,
LTT-RN,BOKE,T469,
LTT-RN,T469,RN,
CSMT-JL,CSMT,MSD,
CSMT-JL,MSD,"WB,SNRD,BY","WB,SNRD"
CSMT-JL,WB,SNRD,
CSMT-JL,SNRD,BY,
CSMT-JL,BY,"CHG,CRD,PL,PR,DDR,DR","CHG,CRD,PL,PR,DDR"
CSMT-JL,CHG,CRD,
CSMT-JL,CRD,PL,
CSMT-JL,PL,PR,
CSMT-JL,PR,DDR,
CSMT-JL,DDR,DR,
CSMT-JL,DR,MTN,
CSMT-JL,MTN,"SION,CLA",
CSMT-JL,SION,CLA,
CSMT-JL,CLA,"VVH,GC",
CSMT-JL,VVH,GC,
CSMT-JL,GC,"VK,BND,NHU,MLND","VK,BND,NHU"
CSMT-JL,VK,KJRD,
CSMT-JL,KJRD,BND,
CSMT-JL,BND,"NHU,MLND",NHU
CSMT-JL,NHU,MLND,
CSMT-JL,MLND,TNA,
CSMT-JL,TNA,KLVA,
CSMT-JL,KLVA,"T21,MBQ,DIVA","T21,MBQ"
CSMT-JL,T21,T22,
CSMT-JL,T22,MBQ,
CSMT-JL,MBQ,DIVA,
CSMT-JL,TNA,"T20,DIVA",
CSMT-JL,T20,DIVA,
CSMT-JL,DIVA,"DTCC,KOPR,DDCL,DI","DTCC,KOPR,DDCL"
CSMT-JL,DTCC,KOPR,
CSMT-JL,KOPR,DDCL,
CSMT-JL,DDCL,DI,
CSMT-JL,DI,"THK,KYN",THK
CSMT-JL,THK,KYN,
CSMT-JL,KYN,"SHAD,ABY,TLA","SHAD,ABY"
CSMT-JL,SHAD,ABY,
CSMT-JL,ABY,TLA,
CSMT-JL,TLA,KDV,
CSMT-JL,KDV,VSD,
CSMT-JL,VSD,ASO,
CSMT-JL,ASO,ATG,
CSMT-JL,ATG,THS,
CSMT-JL,THS,KE,
CSMT-JL,KE,OMB,
CSMT-JL,OMB,KSRA,
CSMT-JL,KSRA,"X103,X102,X101,IGP","X103,X102,X101"
CSMT-JL,X103,X102,
CSMT-JL,X102,X101,
CSMT-JL,X101,IGP,
CSMT-JL,IGP,GO,
CSMT-JL,GO,PI,
CSMT-JL,PI,AV,
CSMT-JL,AV,LT,
CSMT-JL,LT,DVL,
CSMT-JL,DVL,NK,
CSMT-JL,NK,ODHA,
CSMT-JL,ODHA,KW,
CSMT-JL,KW,KBSN,
CSMT-JL,KBSN,NR,
CSMT-JL,NR,UGN,
CSMT-JL,UGN,LS,
CSMT-JL,LS,SUM,
CSMT-JL,SUM,MMR,
CSMT-JL,MMR,PNV,
CSMT-JL,PNV,PNVC,
CSMT-JL,PNVC,HSL,
CSMT-JL,HSL,PJN,
CSMT-JL,PJN,NGN,
CSMT-JL,NGN,PKE,
CSMT-JL,PKE,NI,
CSMT-JL,NI,HPR,
CSMT-JL,HPR,CSN,
CSMT-JL,CSN,VGL,
CSMT-JL,VGL,KJ,
CSMT-JL,KJ,NGD,
CSMT-JL,NGD,GAA,
CSMT-JL,GAA,PC,
CSMT-JL,PC,PHQ,
CSMT-JL,PHQ,MYJ,
CSMT-JL,MYJ,MWD,
CSMT-JL,MWD,SS,
CSMT-JL,SS,JL,
LTT-JL,LTT,VVH,
LTT-JL,VVH,GC,
LTT-JL,GC,VK,
LTT-JL,VK,"KJRD,BND",KJRD
LTT-JL,KJRD,BND,
LTT-JL,BND,"NHU,MLND",NHU
LTT-JL,NHU,MLND,
LTT-JL,MLND,TNA,
LTT-JL,TNA,"T20,DIVA",T20
LTT-JL,T20,DIVA,
LTT-JL,TNA,KLVA,
LTT-JL,KLVA,"T21,MBQ,DIVA","T21,MBQ"
LTT-JL,T21,T22,
LTT-JL,T22,MBQ,
LTT-JL,MBQ,DIVA,
LTT-JL,DIVA,"DTCC,KOPR,DDCL,DI","DTCC,KOPR,DDCL"
LTT-JL,DTCC,KOPR,
LTT-JL,KOPR,DDCL,
LTT-JL,DDCL,DI,
LTT-JL,DI,"THK,KYN",THK
LTT-JL,THK,KYN,
LTT-JL,KYN,"SHAD,ABY,TLA","SHAD,ABY"
LTT-JL,SHAD,ABY,
LTT-JL,ABY,TLA,
LTT-JL,TLA,KDV,
LTT-JL,KDV,VSD,
LTT-JL,VSD,ASO,
LTT-JL,ASO,ATG,
LTT-JL,ATG,THS,
LTT-JL,THS,KE,
LTT-JL,KE,OMB,
LTT-JL,OMB,KSRA,
LTT-JL,KSRA,"X103,X102,X101,IGP","X103,X102,X101"
LTT-JL,X103,X102,
LTT-JL,X102,X101,
LTT-JL,X101,IGP,
LTT-JL,IGP,GO,
LTT-JL,GO,PI,
LTT-JL,PI,AV,
LTT-JL,AV,LT,
LTT-JL,LT,DVL,
LTT-JL,DVL,NK,
LTT-JL,NK,ODHA,
LTT-JL,ODHA,KW,
LTT-JL,KW,KBSN,
LTT-JL,KBSN,NR,
LTT-JL,NR,UGN,
LTT-JL,UGN,LS,
LTT-JL,LS,SUM,
LTT-JL,SUM,MMR,
LTT-JL,MMR,PNV,
LTT-JL,PNV,PNVC,
LTT-JL,PNVC,HSL,
LTT-JL,HSL,PJN,
LTT-JL,PJN,NGN,
LTT-JL,NGN,PKE,
LTT-JL,PKE,NI,
LTT-JL,NI,HPR,
LTT-JL,HPR,CSN,
LTT-JL,CSN,VGL,
LTT-JL,VGL,KJ,
LTT-JL,KJ,NGD,
LTT-JL,NGD,GAA,
LTT-JL,GAA,PC,
LTT-JL,PC,PHQ,
LTT-JL,PHQ,MYJ,
LTT-JL,MYJ,MWD,
LTT-JL,MWD,SS,
LTT-JL,SS,JL,
PUNE-CSMT,PUNE,SVJR,
PUNE-CSMT,SVJR,KK,
PUNE-CSMT,KK,DAPD,
PUNE-CSMT,DAPD,"KSWD,PMP",KSWD
PUNE-CSMT,KSWD,PMP,
PUNE-CSMT,PMP,CCH,
PUNE-CSMT,CCH,"AKRD,DEHR",AKRD
PUNE-CSMT,AKRD,"DEHR,SLRW,GRWD,TGN","DEHR,SLRW,GRWD"
PUNE-CSMT,DEHR,SLRW,
PUNE-CSMT,SLRW,GRWD,
PUNE-CSMT,GRWD,"TGN,VDN,KNHE,KMST","TGN,VDN,KNHE"
PUNE-CSMT,TGN,VDN,
PUNE-CSMT,VDN,KNHE,
PUNE-CSMT,KNHE,KMST,
PUNE-CSMT,KMST,"MVL,LNLX,LNLB,LNL","MVL,LNLX,LNLB"
PUNE-CSMT,MVL,LNLX,
PUNE-CSMT,LNLX,LNLB,
PUNE-CSMT,LNLB,LNL,
PUNE-CSMT,LNL,KAD,
PUNE-CSMT,KAD,"T18,MHLC",T18
PUNE-CSMT,T18,MHLC,
PUNE-CSMT,MHLC,"T6,T5,T17,T4,JBC","T6,T5,T17,T4"
PUNE-CSMT,T6,T5,
PUNE-CSMT,T5,T17,
PUNE-CSMT,T17,T4,
PUNE-CSMT,T4,JBC,
PUNE-CSMT,MHLC,"T8,T7,T23,T5,TKW","T8,T7,T23,T5"
PUNE-CSMT,T8,T7,
PUNE-CSMT,T7,T23,
PUNE-CSMT,T23,T5,
PUNE-CSMT,T5,TKW,
PUNE-CSMT,TKW,T4,
PUNE-CSMT,T4,JBC,
PUNE-CSMT,JBC,T3,
PUNE-CSMT,T3,PDI,
PUNE-CSMT,PDI,KJT,
PUNE-CSMT,KJT,BVS,
PUNE-CSMT,BVS,NRL,
PUNE-CSMT,NRL,"SHLU,VGI",SHLU
PUNE-CSMT,SHLU,VGI,
PUNE-CSMT,VGI,BUD,
PUNE-CSMT,BUD,"ABH,ULNR,VLDI,KYN","ABH,ULNR,VLDI"
PUNE-CSMT,ABH,ULNR,
PUNE-CSMT,ULNR,VLDI,
PUNE-CSMT,VLDI,KYN,
PUNE-CSMT,KYN,THK,
PUNE-CSMT,THK,"DI,DDCL,KOPR,DTCC,DIVA","DI,DDCL,KOPR,DTCC"
PUNE-CSMT,DI,DDCL,
PUNE-CSMT,DDCL,KOPR,
PUNE-CSMT,KOPR,DTCC,
PUNE-CSMT,DTCC,DIVA,
PUNE-CSMT,KJT,"T2,CHOK",T2
PUNE-CSMT,T2,CHOK,
PUNE-CSMT,CHOK,"T1,PYJE",T1
PUNE-CSMT,T1,PYJE,
PUNE-CSMT,PYJE,"CKHS,PNVL",CKHS
PUNE-CSMT,CKHS,PNVL,
PUNE-CSMT,PNVL,KLMG,
PUNE-CSMT,KLMG,"NVRD,TPND",NVRD
PUNE-CSMT,NVRD,TPND,
PUNE-CSMT,TPND,NIIJ,
PUNE-CSMT,NIIJ,"DTVL,DIVA",DTVL
PUNE-CSMT,DTVL,DIVA,
PUNE-CSMT,DIVA,"MBQ,T22,T21,KLVA","MBQ,T22,T21"
PUNE-CSMT,MBQ,T22,
PUNE-CSMT,T22,T21,
PUNE-CSMT,T21,KLVA,
PUNE-CSMT,KLVA,TNA,
PUNE-CSMT,DIVA,"T20,TNA",T20
PUNE-CSMT,T20,TNA,
PUNE-CSMT,TNA,MLND,
PUNE-CSMT,MLND,"NHU,BND",NHU
PUNE-CSMT,NHU,BND,
PUNE-CSMT,BND,"KJRD,VK",KJRD
PUNE-CSMT,KJRD,VK,
PUNE-CSMT,VK,GC,
PUNE-CSMT,GC,VVH,
PUNE-CSMT,VVH,CLA,
PUNE-CSMT,CLA,"SION,MTN,DDR,DR","SION,MTN,DDR"
PUNE-CSMT,SION,MTN,
PUNE-CSMT,MTN,DDR,
PUNE-CSMT,DDR,DR,
PUNE-CSMT,DR,"PR,PL,CRD,CHG,BY","PR,PL,CRD,CHG"
PUNE-CSMT,PR,PL,
PUNE-CSMT,PL,CRD,
PUNE-CSMT,CRD,CHG,
PUNE-CSMT,CHG,BY,
PUNE-CSMT,BY,"SNRD,WB,MSD,CSMT","SNRD,WB,MSD"
PUNE-CSMT,SNRD,WB,
PUNE-CSMT,WB,MSD,
PUNE-CSMT,MSD,CSMT,
PUNE-LTT,PUNE,SVJR,
PUNE-LTT,SVJR,KK,
PUNE-LTT,KK,DAPD,
PUNE-LTT,DAPD,"KSWD,PMP",KSWD
PUNE-LTT,KSWD,PMP,
PUNE-LTT,PMP,CCH,
PUNE-LTT,CCH,"AKRD,DEHR",AKRD
PUNE-LTT,AKRD,"DEHR,SLRW,GRWD,TGN","DEHR,SLRW,GRWD"
PUNE-LTT,DEHR,SLRW,
PUNE-LTT,SLRW,GRWD,
PUNE-LTT,GRWD,"TGN,VDN,KNHE,KMST","TGN,VDN,KNHE"
PUNE-LTT,TGN,VDN,
PUNE-LTT,VDN,KNHE,
PUNE-LTT,KNHE,KMST,
PUNE-LTT,KMST,"MVL,LNLX,LNLB,LNL","MVL,LNLX,LNLB"
PUNE-LTT,MVL,LNLX,
PUNE-LTT,LNLX,LNLB,
PUNE-LTT,LNLB,LNL,
PUNE-LTT,LNL,KAD,
PUNE-LTT,KAD,"T18,MHLC",T18
PUNE-LTT,T18,MHLC,
PUNE-LTT,MHLC,"T6,T5,T17,T4,JBC","T6,T5,T17,T4"
PUNE-LTT,T6,T5,
PUNE-LTT,T5,T17,
PUNE-LTT,T17,T4,
PUNE-LTT,T4,JBC,
PUNE-LTT,MHLC,"T8,T7,T23,T5,TKW","T8,T7,T23,T5"
PUNE-LTT,T8,T7,
PUNE-LTT,T7,T23,
PUNE-LTT,T23,T5,
PUNE-LTT,T5,TKW,
PUNE-LTT,TKW,T4,
PUNE-LTT,T4,JBC,
PUNE-LTT,JBC,T3,
PUNE-LTT,T3,PDI,
PUNE-LTT,PDI,KJT,
PUNE-LTT,KJT,BVS,
PUNE-LTT,BVS,NRL,
PUNE-LTT,NRL,"SHLU,VGI",SHLU
PUNE-LTT,SHLU,VGI,
PUNE-LTT,VGI,BUD,
PUNE-LTT,BUD,"ABH,ULNR,VLDI,KYN","ABH,ULNR,VLDI"
PUNE-LTT,ABH,ULNR,
PUNE-LTT,ULNR,VLDI,
PUNE-LTT,VLDI,KYN,
PUNE-LTT,KYN,THK,
PUNE-LTT,THK,"DI,DDCL,KOPR,DTCC,DIVA","DI,DDCL,KOPR,DTCC"
PUNE-LTT,DI,DDCL,
PUNE-LTT,DDCL,KOPR,
PUNE-LTT,KOPR,DTCC,
PUNE-LTT,DTCC,DIVA,
PUNE-LTT,KJT,"T2,CHOK",T2
PUNE-LTT,T2,CHOK,
PUNE-LTT,CHOK,"T1,PYJE",T1
PUNE-LTT,T1,PYJE,
PUNE-LTT,PYJE,"CKHS,PNVL",CKHS
PUNE-LTT,CKHS,PNVL,
PUNE-LTT,PNVL,KLMG,
PUNE-LTT,KLMG,"NVRD,TPND",NVRD
PUNE-LTT,NVRD,TPND,
PUNE-LTT,TPND,NIIJ,
PUNE-LTT,NIIJ,"DTVL,DIVA",DTVL
PUNE-LTT,DTVL,DIVA,
PUNE-LTT,DIVA,"MBQ,T22,T21,KLVA","MBQ,T22,T21"
PUNE-LTT,MBQ,T22,
PUNE-LTT,T22,T21,
PUNE-LTT,T21,KLVA,
PUNE-LTT,KLVA,TNA,
PUNE-LTT,DIVA,"T20,TNA",T20
PUNE-LTT,T20,TNA,
PUNE-LTT,TNA,MLND,
PUNE-LTT,MLND,"NHU,BND",NHU
PUNE-LTT,NHU,BND,
PUNE-LTT,BND,"KJRD,VK",KJRD
PUNE-LTT,KJRD,VK,
PUNE-LTT,VK,GC,
PUNE-LTT,GC,VVH,
PUNE-LTT,VVH,LTT,
RN-CSMT,RN,"T469,BOKE,T468,UKC,T464,T463,SGR","T469,BOKE,T468,UKC,T464,T463"
RN-CSMT,T469,BOKE,
RN-CSMT,BOKE,T468,
RN-CSMT,T468,UKC,
RN-CSMT,UKC,T464,
RN-CSMT,T464,T463,
RN-CSMT,T463,SGR,
RN-CSMT,SGR,"T462,KDVI,T461,AVRD","T462,KDVI,T461"
RN-CSMT,T462,KDVI,
RN-CSMT,KDVI,T461,
RN-CSMT,T461,AVRD,
RN-CSMT,AVRD,"T460,T459,SVX","T460,T459"
RN-CSMT,T460,T459,
RN-CSMT,T459,SVX,
RN-CSMT,SVX,"T458,KMAH",T458
RN-CSMT,T458,KMAH,
RN-CSMT,KMAH,"T457,CHI",T457
RN-CSMT,T457,CHI,
RN-CSMT,CHI,"T456,T455,T454,ANO","T456,T455,T454"
RN-CSMT,T456,T455,
RN-CSMT,T455,T454,
RN-CSMT,T454,ANO,
RN-CSMT,ANO,"T453,T452,T451,KHED","T453,T452,T451"
RN-CSMT,T453,T452,
RN-CSMT,T452,T451,
RN-CSMT,T451,KHED,
RN-CSMT,KHED,"KLBN,T450,DWV","KLBN,T450"
RN-CSMT,KLBN,T450,
RN-CSMT,T450,DWV,
RN-CSMT,DWV,"T449,VINH,T448,T447,KFD","T449,VINH,T448,T447"
RN-CSMT,T449,VINH,
RN-CSMT,VINH,T448,
RN-CSMT,T448,T447,
RN-CSMT,T447,KFD,
RN-CSMT,KFD,"T446,SAPE,T445,VEER","T446,SAPE,T445"
RN-CSMT,T446,SAPE,
RN-CSMT,SAPE,T445,
RN-CSMT,T445,VEER,
RN-CSMT,VEER,"GNO,MNI",GNO
RN-CSMT,GNO,MNI,
RN-CSMT,MNI,"INP,KOL,ROHA","INP,KOL"
RN-CSMT,INP,KOL,
RN-CSMT,KOL,ROHA,
RN-CSMT,ROHA,"T14,NGTN",T14
RN-CSMT,T14,NGTN,
RN-CSMT,NGTN,KASU,
RN-CSMT,KASU,PEN,
RN-CSMT,PEN,JITE,
RN-CSMT,JITE,APTA,
RN-CSMT,APTA,SMNE,
RN-CSMT,SMNE,PNVL,
RN-CSMT,PNVL,KLMG,
RN-CSMT,KLMG,"NVRD,TPND",NVRD
RN-CSMT,NVRD,TPND,
RN-CSMT,TPND,NIIJ,
RN-CSMT,NIIJ,"DTVL,DIVA",DTVL
RN-CSMT,DTVL,DIVA,
RN-CSMT,DIVA,"MBQ,T22,T21,KLVA","MBQ,T22,T21"
RN-CSMT,MBQ,T22,
RN-CSMT,T22,T21,
RN-CSMT,T21,KLVA,
RN-CSMT,KLVA,TNA,
RN-CSMT,DIVA,"T20,TNA",T20
RN-CSMT,T20,TNA,
RN-CSMT,TNA,MLND,
RN-CSMT,MLND,"NHU,BND",NHU
RN-CSMT,NHU,BND,
RN-CSMT,BND,"KJRD,VK",KJRD
RN-CSMT,KJRD,VK,
RN-CSMT,VK,GC,
RN-CSMT,GC,VVH,
RN-CSMT,VVH,CLA,
RN-CSMT,CLA,"SION,MTN,DDR,DR","SION,MTN,DDR"
RN-CSMT,SION,MTN,
RN-CSMT,MTN,DDR,
RN-CSMT,DDR,DR,
RN-CSMT,DR,"PR,PL,CRD,CHG,BY","PR,PL,CRD,CHG"
RN-CSMT,PR,PL,
RN-CSMT,PL,CRD,
RN-CSMT,CRD,CHG,
RN-CSMT,CHG,BY,
RN-CSMT,BY,"SNRD,WB,MSD,CSMT","SNRD,WB,MSD"
RN-CSMT,SNRD,WB,
RN-CSMT,WB,MSD,
RN-CSMT,MSD,CSMT,
RN-LTT,RN,"T469,BOKE,T468,UKC,T464,T463,SGR","T469,BOKE,T468,UKC,T464,T463"
RN-LTT,T469,BOKE,
RN-LTT,BOKE,T468,
RN-LTT,T468,UKC,
RN-LTT,UKC,T464,
RN-LTT,T464,T463,
RN-LTT,T463,SGR,
RN-LTT,SGR,"T462,KDVI,T461,AVRD","T462,KDVI,T461"
RN-LTT,T462,KDVI,
RN-LTT,KDVI,T461,
RN-LTT,T461,AVRD,
RN-LTT,AVRD,"T460,T459,SVX","T460,T459"
RN-LTT,T460,T459,
RN-LTT,T459,SVX,
RN-LTT,SVX,"T458,KMAH",T458
RN-LTT,T458,KMAH,
RN-LTT,KMAH,"T457,CHI",T457
RN-LTT,T457,CHI,
RN-LTT,CHI,"T456,T455,T454,ANO","T456,T455,T454"
RN-LTT,T456,T455,
RN-LTT,T455,T454,
RN-LTT,T454,ANO,
RN-LTT,ANO,"T453,T452,T451,KHED","T453,T452,T451"
RN-LTT,T453,T452,
RN-LTT,T452,T451,
RN-LTT,T451,KHED,
RN-LTT,KHED,"KLBN,T450,DWV","KLBN,T450"
RN-LTT,KLBN,T450,
RN-LTT,T450,DWV,
RN-LTT,DWV,"T449,VINH,T448,T447,KFD","T449,VINH,T448,T447"
RN-LTT,T449,VINH,
RN-LTT,VINH,T448,
RN-LTT,T448,T447,
RN-LTT,T447,KFD,
RN-LTT,KFD,"T446,SAPE,T445,VEER","T446,SAPE,T445"
RN-LTT,T446,SAPE,
RN-LTT,SAPE,T445,
RN-LTT,T445,VEER,
RN-LTT,VEER,"GNO,MNI",GNO
RN-LTT,GNO,MNI,
RN-LTT,MNI,"INP,KOL,ROHA","INP,KOL"
RN-LTT,INP,KOL,
RN-LTT,KOL,ROHA,
RN-LTT,ROHA,"T14,NGTN",T14
RN-LTT,T14,NGTN,
RN-LTT,NGTN,KASU,
RN-LTT,KASU,PEN,
RN-LTT,PEN,JITE,
RN-LTT,JITE,APTA,
RN-LTT,APTA,SMNE,
RN-LTT,SMNE,PNVL,
RN-LTT,PNVL,KLMG,
RN-LTT,KLMG,"NVRD,TPND",NVRD
RN-LTT,NVRD,TPND,
RN-LTT,TPND,NIIJ,
RN-LTT,NIIJ,"DTVL,DIVA",DTVL
RN-LTT,DTVL,DIVA,
RN-LTT,DIVA,"MBQ,T22,T21,KLVA","MBQ,T22,T21"
RN-LTT,MBQ,T22,
RN-LTT,T22,T21,
RN-LTT,T21,KLVA,
RN-LTT,KLVA,TNA,
RN-LTT,DIVA,"T20,TNA",T20
RN-LTT,T20,TNA,
RN-LTT,TNA,MLND,
RN-LTT,MLND,"NHU,BND",NHU
RN-LTT,NHU,BND,
RN-LTT,BND,"KJRD,VK",KJRD
RN-LTT,KJRD,VK,
RN-LTT,VK,GC,
RN-LTT,GC,VVH,
RN-LTT,VVH,LTT,
JL-CSMT,JL,SS,
JL-CSMT,SS,MWD,
JL-CSMT,MWD,MYJ,
JL-CSMT,MYJ,PC,
JL-CSMT,PC,GAA,
JL-CSMT,GAA,NGD,
JL-CSMT,NGD,KJ,
JL-CSMT,KJ,VGL,
JL-CSMT,VGL,CSN,
JL-CSMT,CSN,HPR,
JL-CSMT,HPR,NI,
JL-CSMT,NI,PKE,
JL-CSMT,PKE,NGN,
JL-CSMT,NGN,PJN,
JL-CSMT,PJN,HSL,
JL-CSMT,HSL,PNVC,
JL-CSMT,PNVC,PNV,
JL-CSMT,PNV,MMR,
JL-CSMT,MMR,SUM,
JL-CSMT,SUM,LS,
JL-CSMT,LS,UGN,
JL-CSMT,UGN,NR,
JL-CSMT,NR,KBSN,
JL-CSMT,KBSN,KW,
JL-CSMT,KW,ODHA,
JL-CSMT,ODHA,NK,
JL-CSMT,NK,DVL,
JL-CSMT,DVL,LT,
JL-CSMT,LT,AV,
JL-CSMT,AV,PI,
JL-CSMT,PI,GO,
JL-CSMT,GO,IGP,
JL-CSMT,IGP,X101,
JL-CSMT,X101,X102,
JL-CSMT,X102,X103,
JL-CSMT,X103,KSRA,
JL-CSMT,KSRA,OMB,
JL-CSMT,OMB,KE,
JL-CSMT,KE,THS,
JL-CSMT,THS,ATG,
JL-CSMT,ATG,ASO,
JL-CSMT,ASO,VSD,
JL-CSMT,VSD,KDV,
JL-CSMT,KDV,TLA,
JL-CSMT,TLA,ABY,
JL-CSMT,ABY,SHAD,
JL-CSMT,SHAD,KYN,
JL-CSMT,KYN,"THK,DI",THK
JL-CSMT,THK,DI,
JL-CSMT,DI,"DDCL,KOPR,DTCC,DIVA","DDCL,KOPR,DTCC"
JL-CSMT,DDCL,KOPR,
JL-CSMT,KOPR,DTCC,
JL-CSMT,DTCC,DIVA,
JL-CSMT,DIVA,MBQ,
JL-CSMT,MBQ,"T22,T21,KLVA","T22,T21"
JL-CSMT,T22,T21,
JL-CSMT,T21,KLVA,
JL-CSMT,KLVA,TNA,
JL-CSMT,DIVA,"T20,TNA",T20
JL-CSMT,T20,TNA,
JL-CSMT,TNA,MLND,
JL-CSMT,MLND,"NHU,BND",NHU
JL-CSMT,NHU,BND,
JL-CSMT,BND,"KJRD,VK",
JL-CSMT,KJRD,VK,
JL-CSMT,VK,GC,
JL-CSMT,GC,VVH,
JL-CSMT,VVH,CLA,
JL-CSMT,CLA,"SION,MTN,DDR,DR","SION,MTN,DDR"
JL-CSMT,SION,MTN,
JL-CSMT,MTN,DDR,
JL-CSMT,DDR,DR,
JL-CSMT,DR,"PR,PL,CRD,CHG,BY","PR,PL,CRD,CHG"
JL-CSMT,PR,PL,
JL-CSMT,PL,CRD,
JL-CSMT,CRD,CHG,
JL-CSMT,CHG,BY,
JL-CSMT,BY,"SNRD,WB,MSD,CSMT","SNRD,WB,MSD"
JL-CSMT,SNRD,WB,
JL-CSMT,WB,MSD,
JL-CSMT,MSD,CSMT,
JL-LTT,JL,SS,
JL-LTT,SS,MWD,
JL-LTT,MWD,MYJ,
JL-LTT,MYJ,PC,
JL-LTT,PC,GAA,
JL-LTT,GAA,NGD,
JL-LTT,NGD,KJ,
JL-LTT,KJ,VGL,
JL-LTT,VGL,CSN,
JL-LTT,CSN,HPR,
JL-LTT,HPR,NI,
JL-LTT,NI,PKE,
JL-LTT,PKE,NGN,
JL-LTT,NGN,PJN,
JL-LTT,PJN,HSL,
JL-LTT,HSL,PNVC,
JL-LTT,PNVC,PNV,
JL-LTT,PNV,MMR,
JL-LTT,MMR,SUM,
JL-LTT,SUM,LS,
JL-LTT,LS,UGN,
JL-LTT,UGN,NR,
JL-LTT,NR,KBSN,
JL-LTT,KBSN,KW,
JL-LTT,KW,ODHA,
JL-LTT,ODHA,NK,
JL-LTT,NK,DVL,
JL-LTT,DVL,LT,
JL-LTT,LT,AV,
JL-LTT,AV,PI,
JL-LTT,PI,GO,
JL-LTT,GO,IGP,
JL-LTT,IGP,X101,
JL-LTT,X101,X102,
JL-LTT,X102,X103,
JL-LTT,X103,KSRA,
JL-LTT,KSRA,OMB,
JL-LTT,OMB,KE,
JL-LTT,KE,THS,
JL-LTT,THS,ATG,
JL-LTT,ATG,ASO,
JL-LTT,ASO,VSD,
JL-LTT,VSD,KDV,
JL-LTT,KDV,TLA,
JL-LTT,TLA,ABY,
JL-LTT,ABY,SHAD,
JL-LTT,SHAD,KYN,
JL-LTT,KYN,"THK,DI",THK
JL-LTT,THK,DI,
JL-LTT,DI,"DDCL,KOPR,DTCC,DIVA","DDCL,KOPR,DTCC"
JL-LTT,DDCL,KOPR,
JL-LTT,KOPR,DTCC,
JL-LTT,DTCC,DIVA,
JL-LTT,DIVA,MBQ,
JL-LTT,MBQ,"T22,T21,KLVA","T22,T21"
JL-LTT,T22,T21,
JL-LTT,T21,KLVA,
JL-LTT,KLVA,TNA,
JL-LTT,DIVA,"T20,TNA",T20
JL-LTT,T20,TNA,
JL-LTT,TNA,MLND,
JL-LTT,MLND,"NHU,BND",NHU
JL-LTT,NHU,BND,
JL-LTT,BND,"KJRD,VK",KJRD
JL-LTT,KJRD,VK,
JL-LTT,VK,GC,
JL-LTT,GC,VVH,
JL-LTT,VVH,LTT,
BSR-RN,BSR,KARD,
BSR-RN,KARD,KHBV,
BSR-RN,KHBV,BIRD,
BSR-RN,BIRD,"UBCN,KOPR,DTCC,DTVL,NIIJ",UBCN,KOPR,DTCC,DTVL,
BSR-RN,UBCN,KOPR,
BSR-RN,KOPR,DTCC,
BSR-RN,DTCC,DTVL,
BSR-RN,DTVL,NIIJ,
BSR-RN,NIIJ,TPND,
BSR-RN,TPND,"NVRD,KLMG",NVRD
BSR-RN,NVRD,KLMG,
BSR-RN,KLMG,PNVL,
BSR-RN,PNVL,SMNE,
BSR-RN,SMNE,APTA,
BSR-RN,APTA,"T13,JITE",T13
BSR-RN,T13,JITE,
BSR-RN,JITE,PEN,
BSR-RN,PEN,KASU,
BSR-RN,KASU,NGTN,
BSR-RN,NGTN,"T14,ROHA",T14
BSR-RN,T14,ROHA,
BSR-RN,ROHA,KOL,
BSR-RN,KOL,INP,
BSR-RN,INP,MNI,
BSR-RN,MNI,GNO,
BSR-RN,GNO,VEER,
BSR-RN,VEER,"T445,SAPE,T446,KFD,T447,T448,VINH,T449,DWV","T445,SAPE,T446,KFD,T447,T448,VINH,T449"
BSR-RN,T445,SAPE,
BSR-RN,SAPE,T446,
BSR-RN,T446,KFD,
BSR-RN,KFD,T447,
BSR-RN,T447,T448,
BSR-RN,T448,VINH,
BSR-RN,VINH,T449,
BSR-RN,T449,DWV,
BSR-RN,DWV,"T450,KLBN,KHED","T450,KLBN"
BSR-RN,T450,KLBN,
BSR-RN,KLBN,KHED,
BSR-RN,KHED,"T451,T452,T453,ANO,T454,T455,T456,CHI","T451,T452,T453,ANO,T454,T455,T456"
BSR-RN,T451,T452,
BSR-RN,T452,T453,
BSR-RN,T453,ANO,
BSR-RN,ANO,T454,
BSR-RN,T454,T455,
BSR-RN,T455,T456,
BSR-RN,T456,CHI,
BSR-RN,CHI,"T457,KMAH",T457
BSR-RN,T457,KMAH,
BSR-RN,KMAH,"T458,SVX,T459,T460,AVRD","T458,SVX,T459,T460"
BSR-RN,T458,SVX,
BSR-RN,SVX,T459,
BSR-RN,T459,T460,
BSR-RN,T460,AVRD,
BSR-RN,AVRD,"T461,KDVI,T462,SGR","T461,KDVI,T462"
BSR-RN,T461,KDVI,
BSR-RN,KDVI,T462,
BSR-RN,T462,"SGR,T463,T464,UKC,T465,T466,T467,T468,BOKE,T469,RN","SGR,T463,T464,UKC,T465,T466,T467,T468,BOKE,T469"
BSR-RN,SGR,T463,
BSR-RN,T463,T464,
BSR-RN,T464,UKC,
BSR-RN,UKC,T465,
BSR-RN,T465,T466,
BSR-RN,T466,T467,
BSR-RN,T467,T468,
BSR-RN,T468,BOKE,
BSR-RN,BOKE,T469,
BSR-RN,T469,RN,
RN-BSR,RN,"T469,BOKE,T468,UKC,T464,T463,SGR","T469,BOKE,T468,UKC,T464,T463"
RN-BSR,T469,BOKE,
RN-BSR,BOKE,T468,
RN-BSR,T468,UKC,
RN-BSR,UKC,T464,
RN-BSR,T464,T463,
RN-BSR,T463,SGR,
RN-BSR,SGR,"T462,KDVI,T461,AVRD","T462,KDVI,T461"
RN-BSR,T462,KDVI,
RN-BSR,KDVI,T461,
RN-BSR,T461,AVRD,
RN-BSR,AVRD,"T460,T459,SVX","T460,T459"
RN-BSR,T460,T459,
RN-BSR,T459,SVX,
RN-BSR,SVX,"T458,KMAH",T458
RN-BSR,T458,KMAH,
RN-BSR,KMAH,"T457,CHI",T457
RN-BSR,T457,CHI,
RN-BSR,CHI,"T456,T455,T454,ANO","T456,T455,T454"
RN-BSR,T456,T455,
RN-BSR,T455,T454,
RN-BSR,T454,ANO,
RN-BSR,ANO,"T453,T452,T451,KHED","T453,T452,T451"
RN-BSR,T453,T452,
RN-BSR,T452,T451,
RN-BSR,T451,KHED,
RN-BSR,KHED,"KLBN,T450,DWV","KLBN,T450"
RN-BSR,KLBN,T450,
RN-BSR,T450,DWV,
RN-BSR,DWV,"T449,VINH,T448,T447,KFD","T449,VINH,T448,T447"
RN-BSR,T449,VINH,
RN-BSR,VINH,T448,
RN-BSR,T448,T447,
RN-BSR,T447,KFD,
RN-BSR,KFD,"T446,SAPE,T445,VEER","T446,SAPE,T445"
RN-BSR,T446,SAPE,
RN-BSR,SAPE,T445,
RN-BSR,T445,VEER,
RN-BSR,VEER,"GNO,MNI",GNO
RN-BSR,GNO,MNI,
RN-BSR,MNI,"INP,KOL,ROHA","INP,KOL"
RN-BSR,INP,KOL,
RN-BSR,KOL,ROHA,
RN-BSR,ROHA,"T14,NGTN",T14
RN-BSR,T14,NGTN,
RN-BSR,NGTN,KASU,
RN-BSR,KASU,PEN,
RN-BSR,PEN,JITE,
RN-BSR,JITE,APTA,
RN-BSR,APTA,SMNE,
RN-BSR,SMNE,PNVL,
RN-BSR,PNVL,KLMG,
RN-BSR,KLMG,"NVRD,TPND",NVRD
RN-BSR,NVRD,TPND,
RN-BSR,TPND,NIIJ,
RN-BSR,NIIJ,"DTVL,DTCC,KOPR,UBCN,BIRD","DTVL,DTCC,KOPR"
RN-BSR,DTVL,DTCC,
RN-BSR,DTCC,KOPR,
RN-BSR,KOPR,UBCN,
RN-BSR,UBCN,BIRD,
RN-BSR,BIRD,KHBV,
RN-BSR,KHBV,KARD,
RN-BSR,KARD,BSR,
PNVL-JL,PNVL,KLMG,
PNVL-JL,KLMG,"NVRD,TPND",NVRD
PNVL-JL,NVRD,TPND,
PNVL-JL,TPND,NIIJ,
PNVL-JL,NIIJ,"DTVL,DTCC,KOPR,DDCL,DI","DTVL,DTCC,KOPR,DDCL",
PNVL-JL,DTVL,DTCC,
PNVL-JL,DTCC,KOPR,
PNVL-JL,KOPR,DDCL,
PNVL-JL,DDCL,DI
PNVL-JL,DI,"THK,KYN",THK,
PNVL-JL,THK,KYN,
PNVL-JL,KYN,"SHAD,ABY,TLA","SHAD,ABY"
PNVL-JL,SHAD,ABY,
PNVL-JL,ABY,TLA,
PNVL-JL,TLA,KDV,
PNVL-JL,KDV,VSD,
PNVL-JL,VSD,ASO,
PNVL-JL,ASO,ATG,
PNVL-JL,ATG,THS,
PNVL-JL,THS,KE,
PNVL-JL,KE,OMB,
PNVL-JL,OMB,KSRA,
PNVL-JL,KSRA,"X103,X102,X101,IGP","X103,X102,X101"
PNVL-JL,X103,X102,
PNVL-JL,X102,X101,
PNVL-JL,X101,IGP,
PNVL-JL,IGP,GO,
PNVL-JL,GO,PI,
PNVL-JL,PI,AV,
PNVL-JL,AV,LT,
PNVL-JL,LT,DVL,
PNVL-JL,DVL,NK,
PNVL-JL,NK,ODHA,
PNVL-JL,ODHA,KW,
PNVL-JL,KW,KBSN,
PNVL-JL,KBSN,NR,
PNVL-JL,NR,UGN,
PNVL-JL,UGN,LS,
PNVL-JL,LS,SUM,
PNVL-JL,SUM,MMR,
PNVL-JL,MMR,PNV,
PNVL-JL,PNV,PNVC,
PNVL-JL,PNVC,HSL,
PNVL-JL,HSL,PJN,
PNVL-JL,PJN,NGN,
PNVL-JL,NGN,PKE,
PNVL-JL,PKE,NI,
PNVL-JL,NI,HPR,
PNVL-JL,HPR,CSN,
PNVL-JL,CSN,VGL,
PNVL-JL,VGL,KJ,
PNVL-JL,KJ,NGD,
PNVL-JL,NGD,GAA,
PNVL-JL,GAA,PC,
PNVL-JL,PC,PHQ,
PNVL-JL,PHQ,MYJ,
PNVL-JL,MYJ,MWD,
PNVL-JL,MWD,SS,
PNVL-JL,SS,JL,
JL-PNVL,JL,SS,
JL-PNVL,SS,MWD,
JL-PNVL,MWD,MYJ,
JL-PNVL,MYJ,PC,
JL-PNVL,PC,GAA,
JL-PNVL,GAA,NGD,
JL-PNVL,NGD,KJ,
JL-PNVL,KJ,VGL,
JL-PNVL,VGL,CSN,
JL-PNVL,CSN,HPR,
JL-PNVL,HPR,NI,
JL-PNVL,NI,PKE,
JL-PNVL,PKE,NGN,
JL-PNVL,NGN,PJN,
JL-PNVL,PJN,HSL,
JL-PNVL,HSL,PNVC,
JL-PNVL,PNVC,PNV,
JL-PNVL,PNV,MMR,
JL-PNVL,MMR,SUM,
JL-PNVL,SUM,LS,
JL-PNVL,LS,UGN,
JL-PNVL,UGN,NR,
JL-PNVL,NR,KBSN,
JL-PNVL,KBSN,KW,
JL-PNVL,KW,ODHA,
JL-PNVL,ODHA,NK,
JL-PNVL,NK,DVL,
JL-PNVL,DVL,LT,
JL-PNVL,LT,AV,
JL-PNVL,AV,PI,
JL-PNVL,PI,GO,
JL-PNVL,GO,IGP,
JL-PNVL,IGP,X101,
JL-PNVL,X101,X102,
JL-PNVL,X102,X103,
JL-PNVL,X103,KSRA,
JL-PNVL,KSRA,OMB,
JL-PNVL,OMB,KE,
JL-PNVL,KE,THS,
JL-PNVL,THS,ATG,
JL-PNVL,ATG,ASO,
JL-PNVL,ASO,VSD,
JL-PNVL,VSD,KDV,
JL-PNVL,KDV,TLA,
JL-PNVL,TLA,ABY,
JL-PNVL,ABY,SHAD,
JL-PNVL,SHAD,KYN,
JL-PNVL,KYN,"THK,DI",THK
JL-PNVL,THK,DI,
JL-PNVL,DI,"DDCL,KOPR,DTCC","DDCL,KOPR,DTCC"
JL-PNVL,DDCL,KOPR,
JL-PNVL,KOPR,DTCC,
JL-PNVL,DTCC,"DTVL,NIIJ",DTVL,
JL-PNVL,DTVL,NIIJ,
JL-PNVL,NIIJ,TPND,
JL-PNVL,TPND,"NVRD,KLMG",NVRD
JL-PNVL,NVRD,KLMG,
JL-PNVL,KLMG,PNVL,
BSR-DIVA,BSR,KARD,
BSR-DIVA,KARD,KHBV,
BSR-DIVA,KHBV,BIRD,
BSR-DIVA,BIRD,KOPR,
BSR-DIVA,KOPR,DTCC,
BSR-DIVA,DTCC,DIVA,
DIVA-BSR,DIVA,KOPR,
DIVA-BSR,KOPR,BIRD,
DIVA-BSR,BIRD,KHBV,
DIVA-BSR,KHBV,KARD,
DIVA-BSR,KARD,BSR,

