train_number,train_name,from_station,to_station,departure_time,arrival_time,direction
12811,LTT-THE,LTT,IGP,0:15,2:50,DN
22848,LTT-VSKP,LTT,IGP,0:15,2:50,DN
12879,LTT-BBS,LTT,IGP,0:15,2:50,DN
22865,LTT-PURI,LTT,IGP,0:15,2:50,DN
22177,CSMT-BSB,CSMT,IGP,0:10,3:00,DN
22538,LTT-GKP,LTT,IGP,0:35,3:15,DN
20103,LTT-GKP,LTT,IGP,5:23,8:00,DN
17617,CSMT-NED,CSMT,MMR,5:30,8:15,DN
12165,LTT-GKP,LTT,IGP,6:00,8:57,DN
22183,LTT-AYC,LTT,IGP,6:00,8:57,DN
22129,LTT-AYC,LTT,IGP,6:00,8:57,DN
12859,CSMT-HWH,CSMT,IGP,6:00,8:50,DN
22223,CSMT-SNSI,CSMT,SNSI,6:20,11:30,DN
15017,LTT-GKP,LTT,IGP,6:35,9:10,DN
12741,VSG - PNBE,KYN,IGP,7:37,9:25,DN
12519,LTT-KYQ,LTT,IGP,7:50,10:15,DN
22554,LTT-RXL,LTT,IGP,7:55,10:15,DN
12171,LTT-HW,LTT,IGP,7:55,10:15,DN
12336,LTT-BGP,LTT,IGP,8:05,10:35,DN
22312,LTT-GODA,LTT,IGP,8:05,10:35,DN
14313,LTT-BE,LTT,IGP,8:05,10:35,DN
15945,LTT-DBRG,LTT,IGP,8:05,10:35,DN
15647,LTT-GHY,LTT,IGP,8:05,10:35,DN
12534,CSMT-LJN,CSMT,IGP,8:25,11:00,DN
11055,LTT-GKP,LTT,IGP,10:55,13:45,DN
11059,LTT-CPR,LTT,IGP,10:55,13:45,DN
15182,LTT-MAU,LTT,IGP,11:10,13:55,DN
12869,CSMT-HWH,CSMT,IGP,11:05,13:55,DN
12362,CSMT-ASN,CSMT,IGP,11:05,13:55,DN
22360,CSMT-PNBE,CSMT,IGP,11:05,13:55,DN
11061,LTT-JYG,LTT,IGP,11:30,14:10,DN
11015,AMRUT BHARAT,LTT,IGP,12:00,14:30,DN
11011,CSMT-DHI,CSMT,IGP,12:00,14:45,DN
12071,CSMT-J,CSMT,MMR,12:10,15:00,DN
12617,ERS-NZM,KYN,IGP,13:54,15:50,DN
22511,LTT-KYQ,LTT,IGP,13:15,15:37,DN
22357,LTT-GAYA,LTT,IGP,13:15,15:37,DN
20706,CSMT-J-VB,CSMT,MMR,13:10,17:30,DN
12188,CSMT-JBP,CSMT,IGP,13:30,16:15,DN
12598,CSMT-GKP,CSMT,IGP,13:30,16:15,DN
22121,LTT-LKO,LTT,IGP,13:35,16:15,DN
22103,LTT-AYC,LTT,IGP,13:35,16:15,DN
11071,LTT-BSBS,LTT,IGP,13:50,16:25,DN
13202,LTT- PNBE,LTT,IGP,14:45,17:25,DN
12139,CSMT-NGP,CSMT,IGP,14:55,17:40,DN
15066,PNVL-GKP,PNVL,IGP,15:50,18:30,DN
11079,LTT-GKP,LTT,IGP,15:45,18:30,DN
12143,LTT-SLN,LTT,IGP,15:45,18:30,DN
22221,CSMT-NZM,CSMT,JL,16:00,20:58,DN
12107,LTT-STP,LTT,IGP,16:25,18:55,DN
12161,LTT-AGC,LTT,IGP,16:25,18:55,DN
12153,LTT-RKMP,LTT,IGP,16:25,18:55,DN
12173,LTT-PBH,LTT,IGP,16:25,18:55,DN
15268,LTT-RXL,LTT,IGP,16:35,20:00,DN
11081,LTT-GKP,LTT,IGP,16:35,20:00,DN
22584,LTT-CPR,LTT,IGP,16:35,20:00,DN
18610,LTT-RNC,LTT,IGP,16:35,20:00,DN
12546,LTT-RXL,LTT,IGP,16:35,20:00,DN
17666,LTT-NED,LTT,IGP,16:35,20:00,DN
11001,CSMT-ADB,CSMT,MMR,16:35,19:15,DN
17668,LTT-NED,LTT,IGP,16:55,20:15,DN
12261,CSMT-HWH,CSMT,IGP,17:15,19:35,DN
12293,LTT-PRYJ,LTT,IGP,17:20,19:35,DN
12109,CSMT-IGP,CSMT,IGP,18:15,20:50,DN
17612,CSMT-NED,CSMT,MMR,18:45,21:25,DN
12105,CSMT-G,CSMT,IGP,19:05,21:45,DN
12137,CSMT-FZR,CSMT,IGP,19:35,22:20,DN
12289,CSMT-NGP,CSMT,IGP,19:55,22:35,DN
12111,CSMT-AMI,CSMT,IGP,20:15,22:55,DN
12101,LTT-SHM,LTT,IGP,20:35,23:05,DN
12145,LTT-PURI,LTT,IGP,20:35,23:05,DN
12151,LTT-SHM,LTT,IGP,20:35,23:05,DN
12809,CSMT-HWH,CSMT,IGP,21:10,23:50,DN
22109,LTT-BPQ,LTT,IGP,21:45,0:10,DN
12131,DR-SNSI,DR,IGP,21:45,0:10,DN
22147,DR-SNSI,DR,MMR,21:45,0:10,DN
17057,CSMT-SC,CSMT,MMR,21:30,0:20,DN
18029,LTT-SHM,LTT,IGP,22:00,0:40,DN
12322,CSMT-HWH,CSMT,IGP,22:15,0:55,DN
12167,LTT-BSBS,LTT,IGP,22:45,1:25,DN
12141,LTT-PPTA,LTT,IGP,23:35,2:05,DN
11057,CSMT-ASR,CSMT,IGP,23:30,2:20,DN
22105,CSMT-PA,CSMT,PUNE,5:40,9:05,DN
12127,CSMT-PA,CSMT,PUNE,6:40,9:57,DN
18520,LTT-VSKP,LTT,PUNE,6:55,10:25,DN
11007,CSMT-PA,CSMT,PUNE,7:00,11:05,DN
11301,CSMT-SBC,CSMT,PUNE,8:10,11:45,DN
11029,CSMT-KOP,CSMT,PUNE,8:40,12:43,DN
22159,CSMT-MAS,CSMT,PUNE,12:45,16:23,DN
11017,LTT-KIK,LTT,PUNE,13:15,16:40,DN
22101,LTT-MDU,LTT,PUNE,13:15,16:40,DN
22179,LTT-MAS,LTT,PUNE,13:15,16:40,DN
17222,LTT-COA,LTT,PUNE,13:15,16:40,DN
11019,CSMT-BBS,CSMT,PUNE,14:00,18:00,DN
22732,CSMT-HYB,CSMT,PUNE,14:10,18:10,DN
22225,CSMT-SUR,CSMT,PUNE,16:05,19:15,DN
12125,CSMT-PA,CSMT,PUNE,16:25,19:50,DN
12123,CSMT-PA,CSMT,PUNE,17:10,20:25,DN
11009,CSMT-PA,CSMT,PUNE,17:50,21:50,DN
12163,LTT-MAS,LTT,PUNE,18:40,22:10,DN
17318,DR-UBL,DR,PUNE,20:15,0:02,DN
17411,CSMT-KOP,CSMT,PUNE,20:20,0:15,DN
16331,CSMT-TVC,CSMT,PUNE,20:35,0:30,DN
16339,CSMT-NCJ,CSMT,PUNE,20:35,0:30,DN
16351,CSMT-NCJ,CSMT,PUNE,20:35,0:30,DN
22107,CSMT-LUR,CSMT,PUNE,21:00,0:45,DN
22143,CSMT-BIDR,CSMT,PUNE,21:00,0:45,DN
11005,DR-PDY,DR,PUNE,21:30,1:00,DN
11021,DR-TEN,DR,PUNE,21:30,1:00,DN
11035,DR-MYS,DR,PUNE,21:30,1:00,DN
11139,CSMT-GDG,CSMT,PUNE,21:20,1:10,DN
12701,CSMT-HYB,CSMT,PUNE,21:50,1:30,DN
11013,LTT-CBE,LTT,PUNE,22:35,1:55,DN
12219,LTT-SC,LTT,PUNE,23:05,2:05,DN
12115,CSMT-SUR,CSMT,PUNE,22:40,2:25,DN
22157,CSMT-MS,CSMT,PUNE,22:52,2:55,DN
11027,DR-PVR,DR,PUNE,23:55,3:35,DN
11041,DR-SNSI,DR,PUNE,23:55,3:35,DN
22149,ERS-PUNE,PNVL,PUNE,3:00,5:50,DN
11003,DR-SWV,DR,RN,0:05,6:55,DN
11099,LTT-MAO,LTT,ROHA,0:45,6:10,DN
22115,LTT-KRMI,LTT,RN,0:50,6:10,DN
12051,CSMT-MAO,CSMT,RN,5:10,10:51,DN
22229,CSMT-MAO,CSMT,RN,5:25,9:45,DN
22119,CSMT-MAO,CSMT,RN,5:50,11:15,DN
10103,CSMT-MAO,CSMT,RN,7:10,13:46,DN
16345,LTT-TVC,LTT,ROHA,11:40,18:40,DN
12619,LTT-MAQ,LTT,RN,15:10,21:15,DN
12201,LTT-KCVL,LTT,RN,16:45,22:32,DN
22113,LTT-KCVL,LTT,RN,16:45,22:32,DN
22629,DR-TEN,DR,RN,20:40,3:15,DN
12223,LTT-ERS,LTT,RN,20:50,2:00,DN
12133,CSMT-MAJN,CSMT,RN,21:54,3:38,DN
20111,CSMT-MAO,CSMT,RN,23:00,4:55,DN
12978,AII-ERS,BSR,RN,4:20,10:12,DN
12218,CDG-KCVL,BSR,RN,6:15,12:25,DN
22660,YNRK/KCVL,BSR,RN,6:15,12:25,DN
12484,ASR-KCVL,BSR,RN,6:15,12:25,DN
20932,INDB-KCVL,BSR,RN,10:15,16:20,DN
22908,HAPA-MAO,BSR,RN,10:15,16:20,DN
20910,PBR-KCVL,BSR,RN,10:15,16:20,DN
19578,JAM-TEN,BSR,RN,10:15,16:20,DN
22475,HSR-CBE,BSR,RN,14:22,20:25,DN
16311,SGNR-KCVL,BSR,RN,14:22,20:25,DN
12284,NZM-ERS,BSR,RN,14:22,20:25,DN
20924,GIMB-TEN,BSR,RN,15:45,21:45,DN
22634,NZM-TVC,BSR,RN,15:45,21:45,DN
12432,NZM-TVC,BSR,RN,21:58,3:15,DN
22414,NZM-MAO,BSR,RN,21:58,3:15,DN
16333,VRL-TVC,BSR,RN,22:45,4:15,DN
16335,GIMB-NCJ,BSR,RN,22:45,4:15,DN
16337,OKHA-ERS,BSR,RN,22:45,4:15,DN
19260,BVC-KCVL,BSR,RN,22:45,4:15,DN
22654,NZM-TVC,BSR,RN,23:00,5:10,DN
22656,NZM-ERS,BSR,RN,23:00,5:10,DN
12450,CDG-MAO,BSR,RN,23:15,5:37,DN
22150,PUNE-ERS,PNVL,RN,21:20,2:00,DN
10105,DIVA-SWV,DIVA,RN,6:25,14:30,DN
50103,DIVA-RN,DIVA,RN,17:50,1:35,DN
12618,NZM-ERS,KYN,RN,6:21,11:50,DN
12742,PNBE-VSG,KYN,RN,16:35,22:32,DN
10115,BDTS-MAO,BSR,RN,8:25,15:35,DN
22104,AYC-LTT,IGP,LTT,1:25,3:45,UP
15181,MAU-LTT,IGP,LTT,1:25,3:45,UP
12102,SHM-LTT,IGP,LTT,1:25,3:55,UP
18030,SHM-LTT,IGP,LTT,1:40,4:05,UP
12810,HWH-CSMT,IGP,CSMT,1:50,4:25,UP
12132,SNSI-DR,MMR,DR,0:01,4:30,UP
20104,GKP-LTT,IGP,LTT,2:15,4:35,UP
11002,ADB-CSMT,MMR,CSMT,0:35,5:35,UP
12152,SHM-LTT,IGP,LTT,3:00,5:30,UP
12174,PBH-LTT,IGP,LTT,3:00,5:30,UP
22110,BPQ-LTT,IGP,LTT,3:00,5:30,UP
12545,RXL-LTT,IGP,LTT,3:00,5:30,UP
22583,CPR-LTT,IGP,LTT,3:10,5:50,UP
22358,GAYA-LTT,IGP,LTT,3:10,5:50,UP
12361,ASN-CSMT,IGP,CSMT,3:10,6:00,UP
22553,RXL-LTT,IGP,LTT,3:10,5:50,UP
15267,RXL-LTT,IGP,LTT,3:10,5:50,UP
12112,AMI-CSMT,IGP,CSMT,3:35,6:15,UP
12106,G-CSMT,IGP,CSMT,3:45,6:50,UP
17058,SC-CSMT,MMR,CSMT,2:05,7:10,UP
12618,NZM-ERS,IGP,KYN,4:10,6:18,UP
12138,FZR-CSMT,IGP,CSMT,4:30,7:00,UP
12144,SLN-LTT,IGP,LTT,4:40,7:25,UP
12146,PURI-LTT,IGP,LTT,4:40,7:25,UP
18609,RNC-LTT,IGP,LTT,4:40,7:25,UP
12154,HBJ-LTT,IGP,LTT,4:40,7:25,UP
12290,NGP-CSMT,IGP,CSMT,5:20,8:05,UP
12262,HWH-CSMT,IGP,CSMT,5:40,8:15,UP
17611,NED-CSMT,MMR,CSMT,5:25,10:07,UP
13201,PNBE-LTT,IGP,LTT,7:35,10:50,UP
12110,MMR-CSMT,IGP,CSMT,8:05,10:45,UP
22222,NZM-CSMT,JL,CSMT,6:05,11:15,UP
22178,BSB-CSMT,IGP,CSMT,8:40,11:40,UP
12140,NGP-CSMT,IGP,CSMT,9:00,12:00,UP
12187,JBP-CSMT,IGP,CSMT,9:30,12:20,UP
12597,GKP-CSMT,IGP,CSMT,9:30,12:20,UP
12321,HWH-CSMT,IGP,CSMT,9:50,13:15,UP
12168,BSBS-LTT,IGP,LTT,10:10,12:30,UP
12880,BBS-LTT,IGP,LTT,10:30,13:00,UP
22866,PURI-LTT,IGP,LTT,10:30,13:00,UP
12812,THE-LTT,IGP,LTT,10:30,13:00,UP
17667,NED-LTT,IGP,LTT,10:30,13:00,UP
22847,VSKP-LTT,PUNE,LTT,10:30,13:00,UP
11012,DHI-CSMT,IGP,CSMT,10:50,14:15,UP
22148,SNSI-DR,MMR,DR,9:00,13:25,UP
17665,NED-LTT,IGP,LTT,11:05,13:40,UP
12142,PPTA-LTT,IGP,LTT,11:45,14:10,UP
22359,PNBE-CSMT,IGP,CSMT,12:00,14:50,UP
12294,PRYJ-LTT,IGP,LTT,12:00,14:55,UP
15065,GKP-PNVL,IGP,KYN,12:25,14:50,UP
11080,GKP-LTT,IGP,LTT,12:25,15:10,UP
11056,GKP-LTT,IGP,LTT,12:35,15:30,UP
11060,CPR-LTT,IGP,LTT,12:35,15:30,UP
11016,AMRUT BHARAT,IGP,LTT,12:45,15:45,UP
12162,AGC-LTT,IGP,LTT,13:00,16:05,UP
22184,AYC-LTT,IGP,LTT,13:00,16:05,UP
12072,J-CSMT,MMR,CSMT,11:55,16:20,UP
22122,LKO-LTT,IGP,LTT,13:45,16:15,UP
12520,KYQ-LTT,IGP,LTT,13:45,16:15,UP
14314,BE-LTT,IGP,LTT,13:45,16:15,UP
15018,GKP-LTT,IGP,LTT,14:45,17:30,UP
12335,BGP-LTT,IGP,LTT,15:00,17:50,UP
22311,DBRG-LTT,IGP,LTT,15:00,17:50,UP
15946,DBRG-LTT,IGP,LTT,15:00,17:50,UP
15648,GHY-LTT,IGP,LTT,15:00,17:50,UP
12742,PNBE-VSG,IGP,KYN,15:00,16:32,UP
12166,GKP-LTT,IGP,LTT,18:15,20:50,UP
22130,AYC-LTT,IGP,LTT,18:15,20:50,UP
12860,HWH-CSMT,IGP,CSMT,18:25,21:20,UP
12533,LJN-CSMT,IGP,CSMT,18:35,22:45,UP
22512,KYQ-LTT,IGP,LTT,18:50,21:30,UP
12172,HW-LTT,IGP,LTT,18:50,21:30,UP
12108,STP-LTT,IGP,LTT,19:05,21:50,UP
17618,NED-CSMT,MMR,CSMT,17:15,22:08,UP
22224,SNSI-CSMT,SNSI,CSMT,17:45,22:50,UP
12870,HWH-CSMT,IGP,CSMT,19:10,23:45,UP
11072,BSBS-LTT,IGP,LTT,20:05,23:10,UP
11082,GKP-LTT,IGP,LTT,20:50,23:45,UP
11058,ASR-CSMT,IGP,CSMT,21:25,0:05,UP
22537,GKP-LTT,IGP,LTT,21:45,0:10,UP
11062,JYG-LTT,IGP,LTT,22:00,0:25,UP
11020,BBS-CSMT,PUNE,CSMT,23:55,4:00,UP
18519,VSKP-LTT,PUNE,LTT,0:50,4:15,UP
12702,HYB-CSMT,PUNE,CSMT,1:00,4:55,UP
11140,GDG-CSMT,PUNE,CSMT,1:20,5:10,UP
22158,MAS-CSMT,PUNE,CSMT,2:00,5:50,UP
11006,PDY-DR,PUNE,DR,2:15,5:35,UP
11022,TEN-DR,PUNE,DR,2:15,5:35,UP
11036,MYS-DR,PUNE,DR,2:15,5:35,UP
12116,SUR-CSMT,PUNE,CSMT,3:00,6:35,UP
11028,PVR-DR,PUNE,DR,2:30,6:35,UP
11042,SNSI-DR,PUNE,DR,2:30,6:35,UP
17317,UBL-DR,PUNE,DR,3:15,7:00,UP
17412,KOP-CSMT,PUNE,CSMT,3:40,7:25,UP
22108,LUR-CSMT,PUNE,CSMT,4:15,7:55,UP
22144,BIDR-CSMT,PUNE,CSMT,4:15,7:55,UP
11010,PUNE-CSMT,PUNE,CSMT,6:05,9:55,UP
12124,PUNE-CSMT,PUNE,CSMT,7:15,10:25,UP
12126,PUNE-CSMT,PUNE,CSMT,7:50,11:25,UP
12220,SC-LTT,PUNE,LTT,7:57,11:00,UP
17221,COA-LTT,PUNE,LTT,7:57,11:00,UP
22160,MAS-CSMT,PUNE,CSMT,8:38,12:30,UP
22226,SUR-CSMT,PUNE,CSMT,9:27,12:35,UP
22731,HYB-CSMT,PUNE,CSMT,9:05,13:05,UP
11014,CBE-LTT,PUNE,LTT,10:25,13:55,UP
20821,PUNE-SRC,PUNE,KYN,10:40,14:01,UP
22180,MAS-LTT,PUNE,LTT,11:10,14:25,UP
12164,MAS-LTT,PUNE,LTT,11:55,15:55,UP
16352,NCJ-CSMT,PUNE,CSMT,15:27,19:05,UP
16340,NCJ-CSMT,PUNE,CSMT,15:27,19:05,UP
16332,TVC-CSMT,PUNE,CSMT,15:27,19:05,UP
11008,PUNE-CSMT,PUNE,CSMT,15:27,19:15,UP
11030,KOP-CSMT,PUNE,CSMT,15:55,20:05,UP
11302,SBC-CSMT,PUNE,CSMT,16:15,20:15,UP
11018,MAS-LTT,PUNE,LTT,16:45,20:30,UP
22102,MDU-LTT,PUNE,LTT,16:45,20:30,UP
12128,PUNE-CSMT,PUNE,CSMT,17:55,21:05,UP
22106,PUNE-CSMT,PUNE,CSMT,18:35,22:00,UP
22150,PUNE-ERS,PUNE,PNVL,18:45,21:20,UP
20822,SRC-PUNE,IGP,KYN,21:05,22:57,UP
22114,KCVL-LTT,RN,LTT,21:20,3:45,UP
12134,MAJN-CSMT,RN,CSMT,22:41,4:35,UP
20112,MAO-CSMT,RN,CSMT,23:49,5:40,UP
11004,SWV-DR,RN,DR,23:11,6:40,UP
12620,MAQ-LTT,RN,LTT,0:11,6:35,UP
12202,KCVL-LTT,RN,LTT,5:20,11:45,UP
22630,TEN-DR,RN,DR,8:40,15:00,UP
16346,TVC-LTT,ROHA,LTT,9:30,17:05,UP
12224,ERS-LTT,RN,LTT,13:00,18:50,UP
10116,MAO-BDTS,RN,BSR,13:38,21:50,UP
10104,MAO-CSMT,RN,CSMT,14:55,21:45,UP
22230,MAO-CSMT,RN,CSMT,17:55,22:30,UP
11100,MAO-LTT,ROHA,LTT,19:05,23:35,UP
22116,KRMI-LTT,RN,LTT,19:05,0:10,UP
12052,MAO-CSMT,RN,CSMT,18:40,23:59,UP
22120,MAO-CSMT,RN,CSMT,19:05,0:20,UP
12741,VSG-PNBE,RN,KYN,0:40,7:34,UP
12483,KCVL-ASR,RN,BSR,5:20,12:45,UP
12217,KCVL-CDG,RN,BSR,5:20,12:45,UP
22659,KCVL-DDN,RN,BSR,5:20,12:45,UP
50104,RN-DIVA,ROHA,DIVA,11:00,13:25,UP
12617,ERS-NZM,RN,KYN,7:55,13:51,UP
19577,TEN-JAM,RN,BSR,8:40,15:10,UP
22476,CBE-HSR,RN,BSR,8:40,15:10,UP
20923,TEN-GIMB,RN,BSR,8:40,15:10,UP
20909,KCVL-PBR,RN,BSR,8:40,15:10,UP
20931,KCVL-INDB,RN,BSR,8:40,15:10,UP
22633,TVC-NZM,RN,BSR,14:15,19:45,UP
12431,TVC-NZM,RN,BSR,14:15,19:45,UP
22413,MAO-NZM,RN,BSR,14:15,19:45,UP
10106,SWV-DIVA,ROHA,DIVA,17:25,20:10,UP
12449,MAO-CDG,RN,BSR,15:40,21:15,UP
12977,ERS-AII,RN,BSR,15:40,21:15,UP
22907,MAO-HAPA,RN,BSR,15:35,21:15,UP
16312,KCVL-SGNR,RN,BSR,16:11,23:15,UP
16334,TVC-VRL,RN,BSR,16:12,23:15,UP
16336,NCJ-GIMB,RN,BSR,16:11,23:15,UP
16338,ERS-OKHA,RN,BSR,16:11,23:15,UP
19259,KCVL-BVC,RN,BSR,16:11,23:15,UP
12283,ERS-NZM,RN,BSR,17:15,0:10,UP
22149,ERS-PUNE,RN,PNVL,21:20,2:25,UP
22653,TVC-NZM,RN,BSR,21:20,4:50,UP
22655,TVC-NZM,RN,BSR,21:20,4:50,UP
61004,DIVA-BSR,DIVA,BSR,11:30,12:30,DN
61005,BSR-DIVA,BSR,DIVA,12:55,13:55,UP
61006,DIVA-BSR,DIVA,BSR,14:33,15:25,DN
61007,BSR-DIVA,BSR,DIVA,15:35,16:35,UP
61008,DIVA-BSR,DIVA,BSR,17:55,18:55,DN
61009,BSR-DIVA,BSR,DIVA,19:15,20:07,UP
61002,DI-BSR,DI,BSR,05:49,06:45,DN
61003,BSR-DIVA,BSR,DIVA,09:50,10:50,UP
61011,DIVA-ROHA,DIVA,ROHA,08:45,11:05,DN
61012,ROHA-DIVA,ROHA,DIVA,15:55,18:50,UP
61015,DIVA-ROHA,DIVA,ROHA,18:45,21:20,DN
61025,DIVA-PEN,DIVA,PEN,19:50,21:20,DN
61013,DIVA-ROHA,DIVA,ROHA,20:00,22:30,DN
61017,DIVA-PNVL,DIVA,PNVL,09:10,09:55,DN
61019,DIVA-PEN,DIVA,PEN,11:20,12:55,DN
61023,DIVA-PEN,DIVA,PEN,09:40,11:15,DN
61010,ROHA-DIVA,ROHA,DIVA,05:15,07:45,UP
61016,ROHA-DIVA,ROHA,DIVA,06:40,09:10,UP
61024,PEN-DIVA,PEN,DIVA,06:45,08:30,UP